date,vix,vix3m,nasdaq,sp500
2017-09-01,10.59,13.8,6428.66,2471.65
2017-09-02,10.13,13.59,6435.33,2476.55
2017-09-03,10.13,13.59,6435.33,2476.55
2017-09-04,10.13,13.59,6435.33,2476.55
2017-09-05,10.13,13.59,6435.33,2476.55
2017-09-06,12.23,14.58,6375.57,2457.85
2017-09-07,11.63,14.4,6393.31,2465.54
2017-09-08,11.55,14.32,6397.87,2465.1
2017-09-09,12.12,14.69,6360.19,2461.43
2017-09-10,12.12,14.69,6360.19,2461.43
2017-09-11,12.12,14.69,6360.19,2461.43
2017-09-12,10.73,13.86,6432.26,2488.11
2017-09-13,10.58,13.56,6454.28,2496.48
2017-09-14,10.5,13.23,6460.19,2498.37
2017-09-15,10.44,13.16,6429.08,2495.62
2017-09-16,10.17,12.96,6448.47,2500.23
2017-09-17,10.17,12.96,6448.47,2500.23
2017-09-18,10.17,12.96,6448.47,2500.23
2017-09-19,10.15,12.69,6454.64,2503.87
2017-09-20,10.18,12.73,6461.32,2506.65
2017-09-21,9.78,12.66,6456.04,2508.24
2017-09-22,9.67,12.66,6422.69,2500.6
2017-09-23,9.59,12.85,6426.92,2502.22
2017-09-24,9.59,12.85,6426.92,2502.22
2017-09-25,9.59,12.85,6426.92,2502.22
2017-09-26,10.21,13.06,6370.59,2496.66
2017-09-27,10.17,13.02,6380.16,2496.84
2017-09-28,9.87,12.91,6453.26,2507.04
2017-09-29,9.55,12.76,6453.45,2510.06
2017-09-30,9.51,12.49,6495.96,2519.36
2017-10-01,9.51,12.49,6495.96,2519.36
2017-10-02,9.51,12.49,6495.96,2519.36
2017-10-03,9.45,12.36,6516.72,2529.12
2017-10-04,9.51,12.31,6531.71,2534.58
2017-10-05,9.63,12.38,6534.63,2537.74
2017-10-06,9.19,12.18,6585.36,2552.07
2017-10-07,9.65,12.44,6590.18,2549.33
2017-10-08,9.65,12.44,6590.18,2549.33
2017-10-09,9.65,12.44,6590.18,2549.33
2017-10-10,10.33,12.73,6579.73,2544.73
2017-10-11,10.08,12.47,6587.25,2550.64
2017-10-12,9.85,12.24,6603.55,2555.24
2017-10-13,9.91,12.26,6591.51,2550.93
2017-10-14,9.61,11.98,6605.8,2553.17
2017-10-15,9.61,11.98,6605.8,2553.17
2017-10-16,9.61,11.98,6605.8,2553.17
2017-10-17,9.91,11.94,6624.0,2557.64
2017-10-18,10.31,12.05,6623.66,2559.36
2017-10-19,10.07,11.92,6624.22,2561.26
2017-10-20,10.05,11.96,6605.07,2562.1
2017-10-21,9.97,11.85,6629.05,2575.21
2017-10-22,9.97,11.85,6629.05,2575.21
2017-10-23,9.97,11.85,6629.05,2575.21
2017-10-24,11.07,12.55,6586.83,2564.98
2017-10-25,11.16,12.67,6598.43,2569.13
2017-10-26,11.23,12.95,6563.89,2557.15
2017-10-27,11.3,12.93,6556.77,2560.4
2017-10-28,9.8,12.23,6701.26,2581.07
2017-10-29,9.8,12.23,6701.26,2581.07
2017-10-30,9.8,12.23,6701.26,2581.07
2017-10-31,10.5,12.57,6698.96,2572.83
2017-11-01,10.18,12.38,6727.67,2575.26
2017-11-02,10.2,12.57,6716.53,2579.36
2017-11-03,9.93,12.68,6714.94,2579.85
2017-11-04,9.14,12.42,6764.44,2587.84
2017-11-05,9.14,12.42,6764.44,2587.84
2017-11-06,9.14,12.42,6764.44,2587.84
2017-11-07,9.4,12.57,6786.44,2591.13
2017-11-08,9.89,12.76,6767.78,2590.64
2017-11-09,9.78,12.88,6789.12,2594.38
2017-11-10,10.5,13.14,6750.05,2584.62
2017-11-11,11.29,13.61,6750.94,2582.3
2017-11-12,11.29,13.61,6750.94,2582.3
2017-11-13,11.29,13.61,6750.94,2582.3
2017-11-14,11.5,13.75,6757.6,2584.84
2017-11-15,11.59,13.93,6737.87,2578.87
2017-11-16,13.13,14.66,6706.21,2564.62
2017-11-17,11.76,13.96,6793.29,2585.64
2017-11-18,11.43,13.8,6782.79,2578.85
2017-11-19,11.43,13.8,6782.79,2578.85
2017-11-20,11.43,13.8,6782.79,2578.85
2017-11-21,10.65,13.28,6790.71,2582.14
2017-11-22,9.73,12.55,6862.48,2599.03
2017-11-23,9.88,12.44,6867.36,2597.08
2017-11-24,9.88,12.44,6867.36,2597.08
2017-11-25,9.67,12.42,6889.16,2602.42
2017-11-26,9.67,12.42,6889.16,2602.42
2017-11-27,9.67,12.42,6889.16,2602.42
2017-11-28,9.87,12.57,6878.52,2601.42
2017-11-29,10.03,12.27,6912.36,2627.04
2017-11-30,10.7,12.82,6824.34,2626.07
2017-12-01,11.28,13.04,6873.97,2647.58
2017-12-02,11.43,13.28,6847.59,2642.22
2017-12-03,11.43,13.28,6847.59,2642.22
2017-12-04,11.43,13.28,6847.59,2642.22
2017-12-05,11.68,13.55,6775.37,2639.44
2017-12-06,11.33,13.54,6762.21,2629.57
2017-12-07,11.02,13.45,6776.38,2629.27
2017-12-08,10.16,12.93,6812.84,2636.98
2017-12-09,9.58,12.46,6840.08,2651.5
2017-12-10,9.58,12.46,6840.08,2651.5
2017-12-11,9.58,12.46,6840.08,2651.5
2017-12-12,9.34,12.28,6875.08,2659.99
2017-12-13,9.92,12.48,6862.32,2664.11
2017-12-14,10.18,12.5,6875.8,2662.85
2017-12-15,10.49,12.8,6856.53,2652.01
2017-12-16,9.42,12.08,6936.58,2675.81
2017-12-17,9.42,12.08,6936.58,2675.81
2017-12-18,9.42,12.08,6936.58,2675.81
2017-12-19,9.53,12.07,6994.76,2690.16
2017-12-20,10.03,12.51,6963.85,2681.47
2017-12-21,9.72,12.37,6960.96,2679.25
2017-12-22,9.62,12.35,6965.36,2684.57
2017-12-23,9.9,12.49,6959.96,2683.34
2017-12-24,9.9,12.49,6959.96,2683.34
2017-12-25,9.9,12.49,6959.96,2683.34
2017-12-26,9.9,12.49,6959.96,2683.34
2017-12-27,10.25,12.62,6936.25,2680.5
2017-12-28,10.47,12.65,6939.34,2682.62
2017-12-29,10.18,12.76,6950.16,2687.54
2017-12-30,11.04,13.09,6903.39,2673.61
2017-12-31,11.04,13.09,6903.39,2673.61
2018-01-01,11.04,13.09,6903.39,2673.61
2018-01-02,11.04,13.09,6903.39,2673.61
2018-01-03,9.77,12.61,7006.9,2695.81
2018-01-04,9.15,12.32,7065.53,2713.06
2018-01-05,9.22,12.24,7077.91,2723.99
2018-01-06,9.22,12.06,7136.56,2743.15
2018-01-07,9.22,12.06,7136.56,2743.15
2018-01-08,9.22,12.06,7136.56,2743.15
2018-01-09,9.52,12.15,7157.39,2747.71
2018-01-10,10.08,12.41,7163.58,2751.29
2018-01-11,9.82,12.36,7153.57,2748.23
2018-01-12,9.88,12.16,7211.78,2767.56
2018-01-13,10.16,12.2,7261.06,2786.24
2018-01-14,10.16,12.2,7261.06,2786.24
2018-01-15,10.16,12.2,7261.06,2786.24
2018-01-16,10.16,12.2,7261.06,2786.24
2018-01-17,11.66,13.23,7223.69,2776.42
2018-01-18,11.91,13.25,7298.28,2802.56
2018-01-19,12.22,13.58,7296.05,2798.03
2018-01-20,11.27,13.04,7336.38,2810.3
2018-01-21,11.27,13.04,7336.38,2810.3
2018-01-22,11.27,13.04,7336.38,2810.3
2018-01-23,11.03,12.99,7408.03,2832.97
2018-01-24,11.1,13.22,7460.29,2839.13
2018-01-25,11.47,13.53,7415.06,2837.54
2018-01-26,11.58,13.68,7411.16,2839.25
2018-01-27,11.08,13.46,7505.77,2872.87
2018-01-28,11.08,13.46,7505.77,2872.87
2018-01-29,11.08,13.46,7505.77,2872.87
2018-01-30,13.84,14.99,7466.51,2853.53
2018-01-31,14.79,15.83,7402.48,2822.43
2018-02-01,13.54,14.9,7411.48,2823.81
2018-02-02,13.47,14.72,7385.86,2821.98
2018-02-03,17.31,17.03,7240.95,2762.13
2018-02-04,17.31,17.03,7240.95,2762.13
2018-02-05,17.31,17.03,7240.95,2762.13
2018-02-06,37.32,28.13,6967.53,2648.94
2018-02-07,29.98,23.75,7115.88,2695.14
2018-02-08,27.73,23.03,7051.98,2681.66
2018-02-09,33.46,27.33,6777.16,2581.0
2018-02-10,29.06,24.92,6874.49,2619.55
2018-02-11,29.06,24.92,6874.49,2619.55
2018-02-12,29.06,24.92,6874.49,2619.55
2018-02-13,25.61,22.86,6981.96,2656.0
2018-02-14,24.97,22.65,7013.51,2662.94
2018-02-15,19.26,19.34,7143.62,2698.63
2018-02-16,19.13,19.08,7256.43,2731.2
2018-02-17,19.46,19.17,7239.47,2732.22
2018-02-18,19.46,19.17,7239.47,2732.22
2018-02-19,19.46,19.17,7239.47,2732.22
2018-02-20,19.46,19.17,7239.47,2732.22
2018-02-21,20.6,20.01,7234.31,2716.26
2018-02-22,20.02,20.03,7218.23,2701.33
2018-02-23,18.72,19.06,7210.09,2703.96
2018-02-24,16.49,17.5,7337.39,2747.3
2018-02-25,16.49,17.5,7337.39,2747.3
2018-02-26,16.49,17.5,7337.39,2747.3
2018-02-27,15.8,16.92,7421.46,2779.6
2018-02-28,18.59,19.02,7330.35,2744.28
2018-03-01,19.85,19.89,7273.01,2713.83
2018-03-02,22.47,21.42,7180.56,2677.67
2018-03-03,19.59,19.86,7257.87,2691.25
2018-03-04,19.59,19.86,7257.87,2691.25
2018-03-05,19.59,19.86,7257.87,2691.25
2018-03-06,18.73,19.21,7330.7,2720.94
2018-03-07,18.36,19.24,7372.01,2728.12
2018-03-08,17.76,18.84,7396.65,2726.8
2018-03-09,16.54,18.18,7427.95,2738.97
2018-03-10,14.64,17.01,7560.81,2786.57
2018-03-11,14.64,17.01,7560.81,2786.57
2018-03-12,14.64,17.01,7560.81,2786.57
2018-03-13,15.78,17.8,7588.32,2783.02
2018-03-14,16.35,18.05,7511.01,2765.31
2018-03-15,17.23,18.78,7496.81,2749.48
2018-03-16,16.59,18.21,7481.74,2747.33
2018-03-17,15.8,17.74,7481.99,2752.01
2018-03-18,15.8,17.74,7481.99,2752.01
2018-03-19,15.8,17.74,7481.99,2752.01
2018-03-20,19.02,19.38,7344.24,2712.92
2018-03-21,18.2,18.88,7364.3,2716.94
2018-03-22,17.86,18.71,7345.29,2711.93
2018-03-23,23.34,21.66,7166.68,2643.69
2018-03-24,24.87,22.79,6992.67,2588.26
2018-03-25,24.87,22.79,6992.67,2588.26
2018-03-26,24.87,22.79,6992.67,2588.26
2018-03-27,21.03,20.7,7220.54,2658.55
2018-03-28,22.5,21.94,7008.81,2612.62
2018-03-29,22.87,22.31,6949.23,2605.0
2018-03-30,19.97,20.55,7063.44,2640.87
2018-03-31,19.97,20.55,7063.44,2640.87
2018-04-01,19.97,20.55,7063.44,2640.87
2018-04-02,19.97,20.55,7063.44,2640.87
2018-04-03,23.62,22.57,6870.12,2581.88
2018-04-04,21.1,21.02,6941.28,2614.45
2018-04-05,20.06,20.42,7042.11,2644.69
2018-04-06,18.94,19.61,7076.55,2662.84
2018-04-07,21.49,21.2,6915.11,2604.47
2018-04-08,21.49,21.2,6915.11,2604.47
2018-04-09,21.49,21.2,6915.11,2604.47
2018-04-10,21.77,21.23,6950.34,2613.16
2018-04-11,20.47,20.4,7094.3,2656.87
2018-04-12,20.24,20.37,7069.03,2642.19
2018-04-13,18.49,19.28,7140.25,2663.99
2018-04-14,17.41,18.55,7106.65,2656.3
2018-04-15,17.41,18.55,7106.65,2656.3
2018-04-16,17.41,18.55,7106.65,2656.3
2018-04-17,16.56,17.82,7156.28,2677.84
2018-04-18,15.25,16.8,7281.1,2706.39
2018-04-19,15.6,16.8,7295.24,2708.64
2018-04-20,15.96,17.12,7238.06,2693.13
2018-04-21,16.88,17.72,7146.13,2670.14
2018-04-22,16.88,17.72,7146.13,2670.14
2018-04-23,16.88,17.72,7146.13,2670.14
2018-04-24,16.34,17.35,7128.6,2670.29
2018-04-25,18.02,18.23,7007.35,2634.56
2018-04-26,17.84,18.23,7003.74,2639.4
2018-04-27,16.24,17.29,7118.68,2666.94
2018-04-28,15.41,17.08,7119.8,2669.91
2018-04-29,15.41,17.08,7119.8,2669.91
2018-04-30,15.41,17.08,7119.8,2669.91
2018-05-01,15.93,17.34,7066.27,2648.05
2018-05-02,15.49,16.91,7130.7,2654.8
2018-05-03,15.97,17.26,7100.9,2635.67
2018-05-04,15.9,17.03,7088.15,2629.73
2018-05-05,14.77,16.65,7209.62,2663.42
2018-05-06,14.77,16.65,7209.62,2663.42
2018-05-07,14.77,16.65,7209.62,2663.42
2018-05-08,14.75,16.65,7265.21,2672.63
2018-05-09,14.71,16.48,7266.9,2671.92
2018-05-10,13.42,15.78,7339.91,2697.79
2018-05-11,13.23,15.24,7404.97,2723.07
2018-05-12,12.65,14.82,7402.88,2727.72
2018-05-13,12.65,14.82,7402.88,2727.72
2018-05-14,12.65,14.82,7402.88,2727.72
2018-05-15,12.93,14.53,7411.32,2730.13
2018-05-16,14.63,15.79,7351.63,2711.45
2018-05-17,13.42,15.14,7398.3,2722.46
2018-05-18,13.43,15.02,7382.47,2720.13
2018-05-19,13.42,15.19,7354.34,2712.97
2018-05-20,13.42,15.19,7354.34,2712.97
2018-05-21,13.42,15.19,7354.34,2712.97
2018-05-22,13.08,14.69,7394.04,2733.01
2018-05-23,13.22,14.88,7378.46,2724.44
2018-05-24,12.58,14.48,7425.96,2733.29
2018-05-25,12.53,14.43,7424.43,2727.76
2018-05-26,13.22,14.83,7433.85,2721.33
2018-05-27,13.22,14.83,7433.85,2721.33
2018-05-28,13.22,14.83,7433.85,2721.33
2018-05-29,13.22,14.83,7433.85,2721.33
2018-05-30,17.02,17.13,7396.59,2689.86
2018-05-31,14.94,16.0,7462.45,2724.01
2018-06-01,15.43,16.33,7442.12,2705.27
2018-06-02,13.46,15.27,7554.33,2734.62
2018-06-03,13.46,15.27,7554.33,2734.62
2018-06-04,13.46,15.27,7554.33,2734.62
2018-06-05,12.74,14.9,7606.46,2746.87
2018-06-06,12.4,14.72,7637.86,2748.8
2018-06-07,11.64,14.19,7689.24,2772.35
2018-06-08,12.13,14.43,7635.07,2770.37
2018-06-09,12.18,14.6,7645.51,2779.03
2018-06-10,12.18,14.6,7645.51,2779.03
2018-06-11,12.18,14.6,7645.51,2779.03
2018-06-12,12.35,14.55,7659.93,2782.0
2018-06-13,12.34,14.59,7703.79,2786.85
2018-06-14,12.94,14.92,7695.7,2775.63
2018-06-15,12.12,14.4,7761.04,2782.49
2018-06-16,11.98,14.42,7746.38,2779.66
2018-06-17,11.98,14.42,7746.38,2779.66
2018-06-18,11.98,14.42,7746.38,2779.66
2018-06-19,12.31,14.48,7747.03,2773.75
2018-06-20,13.35,15.17,7725.59,2762.59
2018-06-21,12.79,14.79,7781.51,2767.32
2018-06-22,14.64,15.87,7712.95,2749.76
2018-06-23,13.77,15.5,7692.82,2754.88
2018-06-24,13.77,15.5,7692.82,2754.88
2018-06-25,13.77,15.5,7692.82,2754.88
2018-06-26,17.33,17.52,7532.01,2717.07
2018-06-27,15.92,16.87,7561.63,2723.06
2018-06-28,17.91,18.05,7445.08,2699.63
2018-06-29,16.85,17.52,7503.68,2716.31
2018-06-30,16.09,17.14,7510.3,2718.37
2018-07-01,16.09,17.14,7510.3,2718.37
2018-07-02,16.09,17.14,7510.3,2718.37
2018-07-03,15.6,16.95,7567.69,2726.71
2018-07-04,16.14,17.35,7502.67,2713.22
2018-07-05,16.14,17.35,7502.67,2713.22
2018-07-06,14.97,16.53,7586.43,2736.61
2018-07-07,13.37,15.71,7688.39,2759.82
2018-07-08,13.37,15.71,7688.39,2759.82
2018-07-09,13.37,15.71,7688.39,2759.82
2018-07-10,12.69,14.87,7756.2,2784.17
2018-07-11,12.64,14.71,7759.2,2793.84
2018-07-12,13.63,15.38,7716.61,2774.02
2018-07-13,12.58,14.76,7823.92,2798.29
2018-07-14,12.18,14.54,7825.98,2801.31
2018-07-15,12.18,14.54,7825.98,2801.31
2018-07-16,12.18,14.54,7825.98,2801.31
2018-07-17,12.83,14.85,7805.72,2798.43
2018-07-18,12.06,14.4,7855.12,2809.55
2018-07-19,12.1,14.39,7854.44,2815.62
2018-07-20,12.87,14.97,7825.3,2804.49
2018-07-21,12.86,15.08,7820.2,2801.83
2018-07-22,12.86,15.08,7820.2,2801.83
2018-07-23,12.86,15.08,7820.2,2801.83
2018-07-24,12.62,14.86,7841.87,2806.98
2018-07-25,12.41,14.7,7840.77,2820.4
2018-07-26,12.29,14.55,7932.24,2846.07
2018-07-27,12.14,14.4,7852.18,2837.44
2018-07-28,13.03,15.0,7737.42,2818.82
2018-07-29,13.03,15.0,7737.42,2818.82
2018-07-30,13.03,15.0,7737.42,2818.82
2018-07-31,14.26,15.66,7630.0,2802.6
2018-08-01,12.83,14.87,7671.79,2816.29
2018-08-02,13.15,15.22,7707.29,2813.36
2018-08-03,12.19,14.76,7802.69,2827.22
2018-08-04,11.64,14.49,7812.01,2840.35
2018-08-05,11.64,14.49,7812.01,2840.35
2018-08-06,11.64,14.49,7812.01,2840.35
2018-08-07,11.27,14.23,7859.68,2850.4
2018-08-08,10.93,13.93,7883.66,2858.45
2018-08-09,10.85,13.96,7888.33,2857.7
2018-08-10,11.27,14.13,7891.78,2853.58
2018-08-11,13.16,15.22,7839.11,2833.28
2018-08-12,13.16,15.22,7839.11,2833.28
2018-08-13,13.16,15.22,7839.11,2833.28
2018-08-14,14.78,16.21,7819.71,2821.93
2018-08-15,13.31,15.35,7870.89,2839.96
2018-08-16,14.64,16.19,7774.12,2818.37
2018-08-17,13.45,15.51,7806.52,2840.69
2018-08-18,12.64,15.17,7816.33,2850.13
2018-08-19,12.64,15.17,7816.33,2850.13
2018-08-20,12.64,15.17,7816.33,2850.13
2018-08-21,12.49,15.0,7821.01,2857.05
2018-08-22,12.86,15.19,7859.17,2862.96
2018-08-23,12.25,15.08,7889.1,2861.82
2018-08-24,12.41,15.06,7878.46,2856.98
2018-08-25,11.99,14.82,7945.98,2874.69
2018-08-26,11.99,14.82,7945.98,2874.69
2018-08-27,11.99,14.82,7945.98,2874.69
2018-08-28,12.16,14.79,8017.9,2896.74
2018-08-29,12.5,15.11,8030.04,2897.52
2018-08-30,12.25,14.95,8109.69,2914.04
2018-08-31,13.53,15.54,8088.36,2901.13
2018-09-01,12.86,15.15,8109.54,2901.52
2018-09-02,12.86,15.15,8109.54,2901.52
2018-09-03,12.86,15.15,8109.54,2901.52
2018-09-04,12.86,15.15,8109.54,2901.52
2018-09-05,13.16,15.45,8091.25,2896.72
2018-09-06,13.91,15.92,7995.17,2888.6
2018-09-07,14.65,16.34,7922.73,2878.05
2018-09-08,14.88,16.59,7902.54,2871.68
2018-09-09,14.88,16.59,7902.54,2871.68
2018-09-10,14.88,16.59,7902.54,2871.68
2018-09-11,14.16,16.17,7924.16,2877.13
2018-09-12,13.22,15.54,7972.47,2887.89
2018-09-13,13.14,15.32,7954.23,2888.92
2018-09-14,12.37,14.77,8013.71,2904.18
2018-09-15,12.07,14.37,8010.04,2904.98
2018-09-16,12.07,14.37,8010.04,2904.98
2018-09-17,12.07,14.37,8010.04,2904.98
2018-09-18,13.68,15.28,7895.79,2888.8
2018-09-19,12.79,15.04,7956.11,2904.31
2018-09-20,11.75,14.65,7950.04,2907.95
2018-09-21,11.8,14.51,8028.23,2930.75
2018-09-22,11.68,14.58,7986.96,2929.67
2018-09-23,11.68,14.58,7986.96,2929.67
2018-09-24,11.68,14.58,7986.96,2929.67
2018-09-25,12.2,14.77,7993.25,2919.37
2018-09-26,12.42,14.92,8007.47,2915.56
2018-09-27,12.89,15.15,7990.37,2905.97
2018-09-28,12.41,14.89,8041.97,2914.0
2018-09-29,12.12,14.77,8046.35,2913.98
2018-09-30,12.12,14.77,8046.35,2913.98
2018-10-01,12.12,14.77,8046.35,2913.98
2018-10-02,12.0,14.74,8037.3,2924.59
2018-10-03,12.05,14.84,7999.55,2923.43
2018-10-04,11.61,14.68,8025.09,2925.51
2018-10-05,14.22,15.84,7879.51,2901.61
2018-10-06,14.82,16.25,7788.45,2885.57
2018-10-07,14.82,16.25,7788.45,2885.57
2018-10-08,14.82,16.25,7788.45,2885.57
2018-10-09,15.69,16.51,7735.95,2884.43
2018-10-10,15.95,16.63,7738.02,2880.34
2018-10-11,22.96,20.7,7422.05,2785.68
2018-10-12,24.98,21.56,7329.06,2728.37
2018-10-13,21.31,19.84,7496.89,2767.13
2018-10-14,21.31,19.84,7496.89,2767.13
2018-10-15,21.31,19.84,7496.89,2767.13
2018-10-16,21.3,20.29,7430.74,2750.79
2018-10-17,17.62,17.96,7645.49,2809.92
2018-10-18,17.4,18.1,7642.7,2809.21
2018-10-19,20.06,19.86,7485.14,2768.78
2018-10-20,19.89,19.84,7449.03,2767.78
2018-10-21,19.89,19.84,7449.03,2767.78
2018-10-22,19.89,19.84,7449.03,2767.78
2018-10-23,19.64,19.82,7468.63,2755.88
2018-10-24,20.71,20.28,7437.54,2740.69
2018-10-25,25.23,22.62,7108.4,2656.1
2018-10-26,24.22,22.44,7318.34,2705.57
2018-10-27,24.16,22.48,7167.21,2658.69
2018-10-28,24.16,22.48,7167.21,2658.69
2018-10-29,24.16,22.48,7167.21,2658.69
2018-10-30,24.7,23.06,7050.29,2641.25
2018-10-31,23.35,22.23,7161.65,2682.63
2018-11-01,21.23,21.15,7305.9,2711.74
2018-11-02,19.34,20.07,7434.06,2740.37
2018-11-03,19.51,20.3,7356.99,2723.06
2018-11-04,19.51,20.3,7356.99,2723.06
2018-11-05,19.51,20.3,7356.99,2723.06
2018-11-06,19.96,20.2,7328.85,2738.31
2018-11-07,19.91,19.58,7375.96,2755.45
2018-11-08,16.36,17.62,7570.75,2813.89
2018-11-09,16.72,17.68,7530.88,2806.83
2018-11-10,17.36,18.46,7406.9,2781.01
2018-11-11,17.36,18.46,7406.9,2781.01
2018-11-12,17.36,18.46,7406.9,2781.01
2018-11-13,20.45,20.23,7200.87,2726.22
2018-11-14,20.02,20.27,7200.87,2722.18
2018-11-15,21.25,21.22,7136.39,2701.58
2018-11-16,19.98,20.31,7259.03,2730.2
2018-11-17,18.14,19.35,7247.87,2736.27
2018-11-18,18.14,19.35,7247.87,2736.27
2018-11-19,18.14,19.35,7247.87,2736.27
2018-11-20,20.1,20.64,7028.48,2690.73
2018-11-21,22.48,22.27,6908.82,2641.89
2018-11-22,20.8,21.32,6972.25,2649.93
2018-11-23,20.8,21.32,6972.25,2649.93
2018-11-24,21.52,21.75,6938.98,2632.56
2018-11-25,21.52,21.75,6938.98,2632.56
2018-11-26,21.52,21.75,6938.98,2632.56
2018-11-27,18.9,20.11,7081.85,2673.45
2018-11-28,19.02,19.94,7082.7,2682.17
2018-11-29,18.49,19.28,7291.59,2743.79
2018-11-30,18.79,19.59,7273.08,2737.76
2018-12-01,18.07,18.89,7330.54,2760.17
2018-12-02,18.07,18.89,7330.54,2760.17
2018-12-03,18.07,18.89,7330.54,2760.17
2018-12-04,16.44,17.95,7441.51,2790.37
2018-12-05,20.74,20.75,7158.43,2700.06
2018-12-06,20.74,20.75,7158.43,2700.06
2018-12-07,21.19,21.06,7188.26,2695.95
2018-12-08,23.23,22.44,6969.25,2633.08
2018-12-09,23.23,22.44,6969.25,2633.08
2018-12-10,23.23,22.44,6969.25,2633.08
2018-12-11,22.64,22.01,7020.52,2637.72
2018-12-12,21.76,21.72,7031.83,2636.78
2018-12-13,21.46,21.59,7098.31,2651.07
2018-12-14,20.65,21.35,7070.33,2650.54
2018-12-15,21.63,21.96,6910.66,2599.95
2018-12-16,21.63,21.96,6910.66,2599.95
2018-12-17,21.63,21.96,6910.66,2599.95
2018-12-18,24.52,23.41,6753.73,2545.94
2018-12-19,25.58,23.9,6783.91,2546.16
2018-12-20,25.58,24.02,6636.83,2506.96
2018-12-21,28.38,25.24,6528.41,2467.42
2018-12-22,30.11,26.23,6332.99,2416.62
2018-12-23,30.11,26.23,6332.99,2416.62
2018-12-24,30.11,26.23,6332.99,2416.62
2018-12-25,36.07,28.84,6192.92,2351.1
2018-12-26,36.07,28.84,6192.92,2351.1
2018-12-27,30.41,25.69,6554.36,2467.7
2018-12-28,29.96,25.89,6579.49,2488.83
2018-12-29,28.34,25.32,6584.52,2485.74
2018-12-30,28.34,25.32,6584.52,2485.74
2018-12-31,28.34,25.32,6584.52,2485.74
2019-01-01,25.42,23.73,6635.28,2506.85
2019-01-02,25.42,23.73,6635.28,2506.85
2019-01-03,23.22,22.75,6665.94,2510.03
2019-01-04,25.45,24.11,6463.5,2447.89
2019-01-05,21.38,21.86,6738.86,2531.94
2019-01-06,21.38,21.86,6738.86,2531.94
2019-01-07,21.38,21.86,6738.86,2531.94
2019-01-08,21.4,21.62,6823.47,2549.69
2019-01-09,20.47,21.14,6897.0,2574.41
2019-01-10,19.98,20.69,6957.08,2584.96
2019-01-11,19.5,20.52,6986.07,2596.64
2019-01-12,18.19,19.74,6971.48,2596.26
2019-01-13,18.19,19.74,6971.48,2596.26
2019-01-14,18.19,19.74,6971.48,2596.26
2019-01-15,19.07,19.93,6905.92,2582.61
2019-01-16,18.6,19.24,7023.83,2610.3
2019-01-17,19.04,19.53,7034.69,2616.1
2019-01-18,18.06,19.17,7084.46,2635.96
2019-01-19,17.8,18.84,7157.23,2670.71
2019-01-20,17.8,18.84,7157.23,2670.71
2019-01-21,17.8,18.84,7157.23,2670.71
2019-01-22,17.8,18.84,7157.23,2670.71
2019-01-23,20.8,20.69,7020.36,2632.9
2019-01-24,19.52,20.08,7025.77,2638.7
2019-01-25,18.89,19.67,7073.46,2642.33
2019-01-26,17.42,18.82,7164.86,2664.76
2019-01-27,17.42,18.82,7164.86,2664.76
2019-01-28,17.42,18.82,7164.86,2664.76
2019-01-29,18.87,19.58,7085.68,2643.85
2019-01-30,19.13,19.6,7028.29,2640.0
2019-01-31,17.66,18.68,7183.08,2681.05
2019-02-01,16.57,17.88,7281.74,2704.1
2019-02-02,16.14,17.59,7263.87,2706.53
2019-02-03,16.14,17.59,7263.87,2706.53
2019-02-04,16.14,17.59,7263.87,2706.53
2019-02-05,15.73,17.19,7347.54,2724.87
2019-02-06,15.57,17.07,7402.08,2737.7
2019-02-07,15.38,16.9,7375.28,2731.61
2019-02-08,16.37,17.52,7288.35,2706.05
2019-02-09,15.72,17.26,7298.2,2707.88
2019-02-10,15.72,17.26,7298.2,2707.88
2019-02-11,15.72,17.26,7298.2,2707.88
2019-02-12,15.97,17.22,7307.9,2709.8
2019-02-13,15.43,16.82,7414.62,2744.73
2019-02-14,15.65,16.96,7420.38,2753.03
2019-02-15,16.22,17.32,7426.95,2745.73
2019-02-16,14.91,16.48,7472.41,2775.6
2019-02-17,14.91,16.48,7472.41,2775.6
2019-02-18,14.91,16.48,7472.41,2775.6
2019-02-19,14.91,16.48,7472.41,2775.6
2019-02-20,14.88,16.45,7486.77,2779.76
2019-02-21,14.02,15.82,7489.07,2784.7
2019-02-22,14.46,16.16,7459.71,2774.88
2019-02-23,13.51,15.46,7527.54,2792.67
2019-02-24,13.51,15.46,7527.54,2792.67
2019-02-25,13.51,15.46,7527.54,2792.67
2019-02-26,14.85,16.0,7554.46,2796.11
2019-02-27,15.17,16.3,7549.3,2793.9
2019-02-28,14.7,15.99,7554.51,2792.38
2019-03-01,14.78,16.1,7532.53,2784.49
2019-03-02,13.57,15.38,7595.35,2803.69
2019-03-03,13.57,15.38,7595.35,2803.69
2019-03-04,13.57,15.38,7595.35,2803.69
2019-03-05,14.63,16.03,7577.57,2792.81
2019-03-06,14.74,16.15,7576.36,2789.65
2019-03-07,15.74,16.74,7505.92,2771.45
2019-03-08,16.59,17.3,7421.46,2748.93
2019-03-09,16.05,17.11,7408.14,2743.07
2019-03-10,16.05,17.11,7408.14,2743.07
2019-03-11,16.05,17.11,7408.14,2743.07
2019-03-12,14.33,16.01,7558.06,2783.3
2019-03-13,13.77,15.65,7591.03,2791.52
2019-03-14,13.41,15.33,7643.41,2810.92
2019-03-15,13.5,15.3,7630.91,2808.48
2019-03-16,12.88,14.98,7688.53,2822.48
2019-03-17,12.88,14.98,7688.53,2822.48
2019-03-18,12.88,14.98,7688.53,2822.48
2019-03-19,13.1,15.24,7714.48,2832.94
2019-03-20,13.56,15.56,7723.95,2832.57
2019-03-21,13.91,15.79,7728.97,2824.23
2019-03-22,13.63,15.51,7838.96,2854.88
2019-03-23,16.48,17.37,7642.67,2800.71
2019-03-24,16.48,17.37,7642.67,2800.71
2019-03-25,16.48,17.37,7642.67,2800.71
2019-03-26,16.33,17.45,7637.54,2798.36
2019-03-27,14.68,16.45,7691.52,2818.46
2019-03-28,15.15,16.78,7643.38,2805.37
2019-03-29,14.43,16.3,7669.17,2815.44
2019-03-30,13.71,15.8,7729.32,2834.4
2019-03-31,13.71,15.8,7729.32,2834.4
2019-04-01,13.71,15.8,7729.32,2834.4
2019-04-02,13.4,15.46,7828.91,2867.19
2019-04-03,13.36,15.54,7848.69,2867.24
2019-04-04,13.74,15.63,7895.55,2873.4
2019-04-05,13.58,15.48,7891.78,2879.39
2019-04-06,12.82,15.06,7938.69,2892.74
2019-04-07,12.82,15.06,7938.69,2892.74
2019-04-08,12.82,15.06,7938.69,2892.74
2019-04-09,13.18,15.28,7953.88,2895.77
2019-04-10,14.28,15.99,7909.28,2878.2
2019-04-11,13.3,15.38,7964.24,2888.21
2019-04-12,13.02,15.25,7947.36,2888.32
2019-04-13,12.01,14.46,7984.16,2907.41
2019-04-14,12.01,14.46,7984.16,2907.41
2019-04-15,12.01,14.46,7984.16,2907.41
2019-04-16,12.32,14.53,7976.01,2905.58
2019-04-17,12.18,14.47,8000.23,2907.06
2019-04-18,12.6,14.82,7996.08,2900.45
2019-04-19,12.09,14.57,7998.06,2905.03
2019-04-20,12.09,14.57,7998.063,2905.03
2019-04-21,12.09,14.57,7998.063,2905.03
2019-04-22,12.09,14.57,7998.063,2905.03
2019-04-23,12.42,14.72,8015.27,2907.97
2019-04-24,12.28,14.54,8120.82,2933.68
2019-04-25,13.14,15.04,8102.01,2927.25
2019-04-26,13.25,15.21,8106.29,2926.17
2019-04-27,12.73,14.89,8133.96,2939.88
2019-04-28,12.73,14.89,8133.96,2939.88
2019-04-29,12.73,14.89,8133.96,2939.88
2019-04-30,13.11,15.23,8149.39,2943.03
2019-05-01,13.12,15.23,8095.39,2945.83
2019-05-02,14.8,16.19,8049.64,2923.73
2019-05-03,14.42,16.03,8036.77,2917.52
2019-05-04,12.87,15.07,8164.0,2945.64
2019-05-05,12.87,15.07,8164.0,2945.64
2019-05-06,12.87,15.07,8164.0,2945.64
2019-05-07,15.44,16.4,8123.29,2932.47
2019-05-08,19.32,18.78,7963.76,2884.05
2019-05-09,19.4,18.75,7943.32,2879.42
2019-05-10,19.1,18.44,7910.59,2870.72
2019-05-11,16.04,16.9,7916.94,2881.4
2019-05-12,16.04,16.9,7916.94,2881.4
2019-05-13,16.04,16.9,7916.94,2881.4
2019-05-14,20.55,19.79,7647.02,2811.87
2019-05-15,18.06,18.29,7734.49,2834.41
2019-05-16,16.44,17.49,7822.15,2850.96
2019-05-17,15.29,16.74,7898.05,2876.32
2019-05-18,15.96,17.06,7816.28,2859.53
2019-05-19,15.96,17.06,7816.28,2859.53
2019-05-20,15.96,17.06,7816.28,2859.53
2019-05-21,16.31,17.29,7702.38,2840.23
2019-05-22,14.95,16.42,7785.72,2864.36
2019-05-23,14.75,16.42,7750.84,2856.27
2019-05-24,16.92,17.69,7628.28,2822.24
2019-05-25,15.85,17.09,7637.01,2826.06
2019-05-26,15.85,17.09,7637.01,2826.06
2019-05-27,15.85,17.09,7637.01,2826.06
2019-05-28,15.85,17.09,7637.01,2826.06
2019-05-29,17.5,17.9,7607.35,2802.39
2019-05-30,17.9,18.24,7547.31,2783.02
2019-05-31,17.3,17.96,7567.72,2788.86
2019-06-01,18.71,18.83,7453.15,2752.06
2019-06-02,18.71,18.83,7453.15,2752.06
2019-06-03,18.71,18.83,7453.15,2752.06
2019-06-04,18.86,18.77,7333.02,2744.45
2019-06-05,16.97,17.59,7527.12,2803.27
2019-06-06,16.09,17.13,7575.48,2826.15
2019-06-07,15.93,16.92,7615.55,2843.49
2019-06-08,16.3,17.15,7742.1,2873.34
2019-06-09,16.3,17.15,7742.1,2873.34
2019-06-10,16.3,17.15,7742.1,2873.34
2019-06-11,15.94,16.88,7823.17,2886.73
2019-06-12,15.99,16.99,7822.57,2885.72
2019-06-13,15.91,17.05,7792.72,2879.84
2019-06-14,15.82,16.86,7837.13,2891.64
2019-06-15,15.28,16.6,7796.66,2886.98
2019-06-16,15.28,16.6,7796.66,2886.98
2019-06-17,15.28,16.6,7796.66,2886.98
2019-06-18,15.35,16.61,7845.02,2889.67
2019-06-19,15.15,16.5,7953.88,2917.75
2019-06-20,14.33,16.1,7987.32,2926.46
2019-06-21,14.75,16.14,8051.34,2954.18
2019-06-22,15.4,16.67,8031.71,2950.46
2019-06-23,15.4,16.67,8031.71,2950.46
2019-06-24,15.4,16.67,8031.71,2950.46
2019-06-25,15.26,16.47,8005.7,2945.35
2019-06-26,16.28,17.12,7884.72,2917.38
2019-06-27,16.21,17.05,7909.97,2913.78
2019-06-28,15.82,16.76,7967.76,2924.92
2019-06-29,15.08,16.06,8006.24,2941.76
2019-06-30,15.08,16.06,8006.24,2941.76
2019-07-01,15.08,16.06,8006.24,2941.76
2019-07-02,14.06,15.43,8091.16,2964.33
2019-07-03,12.93,14.72,8109.09,2973.01
2019-07-04,12.57,14.53,8170.23,2995.82
2019-07-05,12.57,14.53,8170.23,2995.82
2019-07-06,13.28,14.98,8161.79,2990.41
2019-07-07,13.28,14.98,8161.79,2990.41
2019-07-08,13.28,14.98,8161.79,2990.41
2019-07-09,13.96,15.48,8098.38,2975.95
2019-07-10,14.09,15.57,8141.73,2979.63
2019-07-11,13.03,15.19,8202.53,2993.07
2019-07-12,12.93,14.98,8196.04,2999.91
2019-07-13,12.39,14.8,8244.14,3013.77
2019-07-14,12.39,14.8,8244.14,3013.77
2019-07-15,12.39,14.8,8244.14,3013.77
2019-07-16,12.68,15.04,8258.19,3014.3
2019-07-17,12.86,15.22,8222.8,3004.04
2019-07-18,13.97,15.82,8185.21,2984.42
2019-07-19,13.53,15.54,8207.24,2995.11
2019-07-20,14.45,15.93,8146.49,2976.61
2019-07-21,14.45,15.93,8146.49,2976.61
2019-07-22,14.45,15.93,8146.49,2976.61
2019-07-23,13.53,15.47,8204.14,2985.03
2019-07-24,12.61,14.93,8251.4,3005.47
2019-07-25,12.07,14.56,8321.5,3019.56
2019-07-26,12.74,15.05,8238.54,3003.67
2019-07-27,12.16,14.69,8330.21,3025.86
2019-07-28,12.16,14.69,8330.21,3025.86
2019-07-29,12.16,14.69,8330.21,3025.86
2019-07-30,12.83,15.0,8293.33,3020.97
2019-07-31,13.94,15.7,8273.61,3013.18
2019-08-01,16.12,16.91,8175.42,2980.38
2019-08-02,17.87,17.99,8111.12,2953.56
2019-08-03,17.61,17.89,8004.07,2932.05
2019-08-04,17.61,17.89,8004.07,2932.05
2019-08-05,17.61,17.89,8004.07,2932.05
2019-08-06,24.59,21.9,7726.04,2844.74
2019-08-07,20.17,19.69,7833.27,2881.77
2019-08-08,19.49,19.5,7862.83,2883.98
2019-08-09,16.91,17.86,8039.16,2938.09
2019-08-10,17.97,18.56,7959.14,2918.65
2019-08-11,17.97,18.56,7959.14,2918.65
2019-08-12,17.97,18.56,7959.14,2918.65
2019-08-13,21.09,20.5,7863.41,2883.75
2019-08-14,17.52,18.53,8016.36,2926.32
2019-08-15,22.1,21.3,7773.94,2840.6
2019-08-16,21.18,21.07,7766.62,2847.6
2019-08-17,18.47,19.7,7895.99,2888.68
2019-08-18,18.47,19.7,7895.99,2888.68
2019-08-19,18.47,19.7,7895.99,2888.68
2019-08-20,16.88,18.36,8002.81,2923.65
2019-08-21,17.5,18.87,7948.56,2900.51
2019-08-22,15.8,17.72,8020.21,2924.43
2019-08-23,16.68,18.23,7991.39,2922.95
2019-08-24,19.87,20.36,7751.77,2847.11
2019-08-25,19.87,20.36,7751.77,2847.11
2019-08-26,19.87,20.36,7751.77,2847.11
2019-08-27,19.32,19.82,7853.74,2878.38
2019-08-28,20.31,20.64,7826.95,2869.16
2019-08-29,19.35,20.05,7856.88,2887.94
2019-08-30,17.88,19.03,7973.39,2924.58
2019-08-31,18.98,19.54,7962.88,2926.46
2019-09-01,18.98,19.54,7962.88,2926.46
2019-09-02,18.98,19.54,7962.88,2926.46
2019-09-03,18.98,19.54,7962.88,2926.46
2019-09-04,19.66,20.12,7874.16,2906.27
2019-09-05,17.33,18.81,7976.88,2937.78
2019-09-06,16.27,18.08,8116.83,2976.0
2019-09-07,15.0,17.46,8103.07,2978.71
2019-09-08,15.0,17.46,8103.07,2978.71
2019-09-09,15.0,17.46,8103.07,2978.71
2019-09-10,15.27,17.55,8087.44,2978.43
2019-09-11,15.2,17.41,8084.16,2979.39
2019-09-12,14.61,17.1,8169.68,3000.93
2019-09-13,14.22,16.81,8194.47,3009.57
2019-09-14,13.74,16.67,8176.71,3007.39
2019-09-15,13.74,16.67,8176.71,3007.39
2019-09-16,13.74,16.67,8176.71,3007.39
2019-09-17,14.67,17.2,8153.54,2997.96
2019-09-18,14.44,17.23,8186.02,3005.7
2019-09-19,13.95,16.86,8177.39,3006.73
2019-09-20,14.05,16.79,8182.88,3006.79
2019-09-21,15.32,17.71,8117.67,2992.07
2019-09-22,15.32,17.71,8117.67,2992.07
2019-09-23,15.32,17.71,8117.67,2992.07
2019-09-24,14.91,17.87,8112.46,2991.78
2019-09-25,17.05,18.55,7993.63,2966.6
2019-09-26,15.96,18.0,8077.38,2984.87
2019-09-27,16.07,18.12,8030.66,2977.62
2019-09-28,17.22,18.75,7939.63,2961.79
2019-09-29,17.22,18.75,7939.63,2961.79
2019-09-30,17.22,18.75,7939.63,2961.79
2019-10-01,16.24,17.96,7999.33,2976.74
2019-10-02,18.56,19.35,7908.67,2940.25
2019-10-03,20.56,20.74,7785.23,2887.61
2019-10-04,19.12,19.78,7872.25,2910.63
2019-10-05,17.04,18.59,7982.46,2952.01
2019-10-06,17.04,18.59,7982.46,2952.01
2019-10-07,17.04,18.59,7982.46,2952.01
2019-10-08,17.86,18.91,7956.28,2938.79
2019-10-09,20.28,20.39,7823.76,2893.06
2019-10-10,18.64,19.51,7903.73,2919.4
2019-10-11,17.57,18.79,7950.77,2938.13
2019-10-12,15.58,17.55,8057.04,2970.27
2019-10-13,15.58,17.55,8057.04,2970.27
2019-10-14,15.58,17.55,8057.04,2970.27
2019-10-15,14.57,17.12,8048.65,2966.15
2019-10-16,13.54,16.48,8148.71,2995.68
2019-10-17,13.68,16.48,8124.18,2989.69
2019-10-18,13.79,16.44,8156.85,2997.95
2019-10-19,14.25,16.65,8089.54,2986.2
2019-10-20,14.25,16.65,8089.54,2986.2
2019-10-21,14.25,16.65,8089.54,2986.2
2019-10-22,14.0,16.28,8162.99,3006.72
2019-10-23,14.46,16.55,8104.3,2995.99
2019-10-24,14.01,16.29,8119.79,3004.52
2019-10-25,13.71,16.25,8185.8,3010.29
2019-10-26,12.65,15.71,8243.12,3022.55
2019-10-27,12.65,15.71,8243.12,3022.55
2019-10-28,12.65,15.71,8243.12,3022.55
2019-10-29,13.11,15.99,8325.99,3039.42
2019-10-30,13.2,16.09,8276.85,3036.89
2019-10-31,12.33,15.69,8303.98,3046.77
2019-11-01,13.22,16.05,8292.36,3037.56
2019-11-02,12.3,15.42,8386.4,3066.91
2019-11-03,12.3,15.42,8386.4,3066.91
2019-11-04,12.3,15.42,8386.4,3066.91
2019-11-05,12.83,15.62,8433.2,3078.27
2019-11-06,13.1,15.91,8434.68,3074.62
2019-11-07,12.62,15.83,8410.63,3076.78
2019-11-08,12.73,15.8,8434.52,3085.18
2019-11-09,12.07,15.53,8475.31,3093.08
2019-11-10,12.07,15.53,8475.31,3093.08
2019-11-11,12.07,15.53,8475.31,3093.08
2019-11-12,12.69,15.6,8464.28,3087.01
2019-11-13,12.68,15.49,8486.09,3091.84
2019-11-14,13.0,15.62,8482.1,3094.04
2019-11-15,13.05,15.6,8479.02,3096.63
2019-11-16,12.05,14.99,8540.83,3120.46
2019-11-17,12.05,14.99,8540.83,3120.46
2019-11-18,12.05,14.99,8540.83,3120.46
2019-11-19,12.46,15.17,8549.94,3122.03
2019-11-20,12.86,15.5,8570.66,3120.18
2019-11-21,12.78,15.64,8526.73,3108.46
2019-11-22,13.13,15.82,8506.21,3103.54
2019-11-23,12.34,15.4,8519.88,3110.29
2019-11-24,12.34,15.4,8519.88,3110.29
2019-11-25,12.34,15.4,8519.88,3110.29
2019-11-26,11.87,14.99,8632.49,3133.64
2019-11-27,11.54,14.85,8647.93,3140.52
2019-11-28,11.75,14.96,8705.18,3153.63
2019-11-29,11.75,14.96,8705.18,3153.63
2019-11-30,12.62,15.51,8665.47,3140.98
2019-12-01,12.62,15.51,8665.47,3140.98
2019-12-02,12.62,15.51,8665.47,3140.98
2019-12-03,14.91,16.84,8567.99,3113.87
2019-12-04,15.96,17.63,8520.64,3093.2
2019-12-05,14.8,16.98,8566.67,3112.76
2019-12-06,14.52,16.78,8570.7,3117.43
2019-12-07,13.62,16.21,8656.53,3145.91
2019-12-08,13.62,16.21,8656.53,3145.91
2019-12-09,13.62,16.21,8656.53,3145.91
2019-12-10,15.86,17.3,8621.83,3135.96
2019-12-11,15.68,17.13,8616.18,3132.52
2019-12-12,14.99,16.91,8654.05,3141.63
2019-12-13,13.94,16.09,8717.32,3168.57
2019-12-14,12.63,15.28,8734.88,3168.8
2019-12-15,12.63,15.28,8734.88,3168.8
2019-12-16,12.63,15.28,8734.88,3168.8
2019-12-17,12.14,14.98,8814.23,3191.45
2019-12-18,12.29,15.15,8823.36,3192.52
2019-12-19,12.58,15.2,8827.73,3191.14
2019-12-20,12.5,15.14,8887.22,3205.37
2019-12-21,12.51,15.32,8924.96,3221.22
2019-12-22,12.51,15.32,8924.96,3221.22
2019-12-23,12.51,15.32,8924.96,3221.22
2019-12-24,12.61,15.5,8945.65,3224.01
2019-12-25,12.67,15.52,8952.88,3223.38
2019-12-26,12.67,15.52,8952.88,3223.38
2019-12-27,12.65,15.52,9022.39,3239.91
2019-12-28,13.43,15.95,9006.62,3240.02
2019-12-29,13.43,15.95,9006.62,3240.02
2019-12-30,13.43,15.95,9006.62,3240.02
2019-12-31,14.82,16.68,8945.99,3221.29
2020-01-01,13.78,15.87,8972.6,3230.78
2020-01-02,13.78,15.87,8972.6,3230.78
2020-01-03,12.47,15.19,9092.19,3257.85
2020-01-04,14.02,16.01,9020.77,3234.85
2020-01-05,14.02,16.01,9020.77,3234.85
2020-01-06,14.02,16.01,9020.77,3234.85
2020-01-07,13.85,15.92,9071.46,3246.28
2020-01-08,13.79,15.86,9068.58,3237.18
2020-01-09,13.45,15.4,9129.24,3253.05
2020-01-10,12.54,14.95,9203.43,3274.7
2020-01-11,12.56,14.95,9178.86,3265.35
2020-01-12,12.56,14.95,9178.86,3265.35
2020-01-13,12.56,14.95,9178.86,3265.35
2020-01-14,12.32,14.64,9273.93,3288.13
2020-01-15,12.39,14.64,9251.33,3283.15
2020-01-16,12.42,14.63,9258.7,3289.29
2020-01-17,12.32,14.45,9357.13,3316.81
2020-01-18,12.1,14.41,9388.94,3329.62
2020-01-19,12.1,14.41,9388.94,3329.62
2020-01-20,12.1,14.41,9388.94,3329.62
2020-01-21,12.1,14.41,9388.94,3329.62
2020-01-22,12.85,14.87,9370.81,3320.79
2020-01-23,12.91,14.98,9383.77,3321.75
2020-01-24,12.98,14.99,9402.48,3325.54
2020-01-25,14.56,16.07,9314.91,3295.47
2020-01-26,14.56,16.07,9314.91,3295.47
2020-01-27,14.56,16.07,9314.91,3295.47
2020-01-28,18.23,18.16,9139.31,3243.63
2020-01-29,16.28,17.03,9269.68,3276.24
2020-01-30,16.39,17.03,9275.16,3273.4
2020-01-31,15.49,16.59,9298.93,3283.66
2020-02-01,18.84,18.63,9150.94,3225.52
2020-02-02,18.84,18.63,9150.94,3225.52
2020-02-03,18.84,18.63,9150.94,3225.52
2020-02-04,17.97,18.04,9273.4,3248.92
2020-02-05,16.05,16.7,9467.97,3297.59
2020-02-06,15.15,16.11,9508.68,3334.69
2020-02-07,14.96,15.89,9572.15,3345.78
2020-02-08,15.47,16.29,9520.51,3327.71
2020-02-09,15.47,16.29,9520.51,3327.71
2020-02-10,15.47,16.29,9520.51,3327.71
2020-02-11,15.04,16.13,9628.39,3352.09
2020-02-12,15.18,16.14,9638.94,3357.75
2020-02-13,13.74,15.36,9725.96,3379.45
2020-02-14,14.15,15.68,9711.97,3373.94
2020-02-15,13.68,15.5,9731.18,3380.16
2020-02-16,13.68,15.5,9731.18,3380.16
2020-02-17,13.68,15.5,9731.18,3380.16
2020-02-18,13.68,15.5,9731.18,3380.16
2020-02-19,14.83,16.1,9732.74,3370.29
2020-02-20,14.38,15.82,9817.18,3386.15
2020-02-21,15.56,16.6,9750.96,3373.23
2020-02-22,17.08,17.61,9576.59,3337.75
2020-02-23,17.08,17.61,9576.59,3337.75
2020-02-24,17.08,17.61,9576.59,3337.75
2020-02-25,25.03,21.92,9221.28,3225.89
2020-02-26,27.85,23.86,8965.61,3128.21
2020-02-27,27.56,23.7,8980.77,3116.39
2020-02-28,39.16,29.92,8566.48,2978.76
2020-02-29,40.11,29.85,8567.37,2954.22
2020-03-01,40.11,29.85,8567.37,2954.22
2020-03-02,40.11,29.85,8567.37,2954.22
2020-03-03,33.42,27.7,8952.16,3090.23
2020-03-04,36.82,30.17,8684.09,3003.37
2020-03-05,31.99,27.51,9018.09,3130.12
2020-03-06,39.62,32.57,8738.6,3023.94
2020-03-07,41.94,35.46,8575.62,2972.37
2020-03-08,41.94,35.46,8575.62,2972.37
2020-03-09,41.94,35.46,8575.62,2972.37
2020-03-10,54.46,43.05,7950.68,2746.56
2020-03-11,47.3,39.44,8344.25,2882.23
2020-03-12,53.9,44.37,7952.05,2741.38
2020-03-13,75.47,57.24,7201.8,2480.64
2020-03-14,57.83,48.31,7874.88,2711.02
2020-03-15,57.83,48.31,7874.88,2711.02
2020-03-16,57.83,48.31,7874.88,2711.02
2020-03-17,82.69,67.7,6904.59,2386.13
2020-03-18,75.91,65.27,7334.78,2529.19
2020-03-19,76.45,72.98,6989.84,2398.1
2020-03-20,72.0,69.47,7150.58,2409.39
2020-03-21,66.04,65.59,6879.52,2304.92
2020-03-22,66.04,65.59,6879.52,2304.92
2020-03-23,66.04,65.59,6879.52,2304.92
2020-03-24,61.59,56.64,6860.67,2237.4
2020-03-25,61.67,52.11,7417.86,2447.33
2020-03-26,63.95,53.85,7384.3,2475.56
2020-03-27,61.0,49.79,7797.54,2630.07
2020-03-28,65.54,55.75,7502.38,2541.47
2020-03-29,65.54,55.75,7502.38,2541.47
2020-03-30,65.54,55.75,7502.38,2541.47
2020-03-31,57.08,51.26,7774.15,2626.65
2020-04-01,53.54,48.32,7700.1,2584.59
2020-04-02,57.06,51.17,7360.58,2470.5
2020-04-03,50.91,47.3,7487.31,2526.9
2020-04-04,46.8,44.84,7373.08,2488.65
2020-04-05,46.8,44.84,7373.08,2488.65
2020-04-06,46.8,44.84,7373.08,2488.65
2020-04-07,45.24,43.09,7913.24,2663.68
2020-04-08,46.7,43.42,7887.26,2659.41
2020-04-09,43.35,41.59,8090.9,2749.98
2020-04-10,41.67,40.61,8153.58,2789.82
2020-04-11,41.67,40.61,8153.58,2789.82
2020-04-12,41.67,40.61,8153.58,2789.82
2020-04-13,41.67,40.61,8153.58,2789.82
2020-04-14,41.17,39.97,8192.42,2761.63
2020-04-15,37.76,36.46,8515.74,2846.06
2020-04-16,40.84,39.28,8393.18,2783.36
2020-04-17,40.11,39.21,8532.36,2799.55
2020-04-18,38.15,37.28,8650.14,2874.56
2020-04-19,38.15,37.28,8650.14,2874.56
2020-04-20,38.15,37.28,8650.14,2874.56
2020-04-21,43.83,40.97,8560.73,2823.16
2020-04-22,45.41,43.28,8263.23,2736.56
2020-04-23,41.98,40.92,8495.38,2799.31
2020-04-24,41.38,40.86,8494.75,2797.8
2020-04-25,35.93,37.81,8634.52,2836.74
2020-04-26,35.93,37.81,8634.52,2836.74
2020-04-27,35.93,37.81,8634.52,2836.74
2020-04-28,33.29,35.33,8730.16,2878.48
2020-04-29,33.57,35.37,8607.73,2863.39
2020-04-30,31.23,33.33,8914.71,2939.51
2020-05-01,34.15,35.05,8889.55,2912.43
2020-05-02,37.19,37.97,8604.95,2830.71
2020-05-03,37.19,37.97,8604.95,2830.71
2020-05-04,37.19,37.97,8604.95,2830.71
2020-05-05,35.97,37.0,8710.71,2842.74
2020-05-06,33.61,35.52,8809.12,2868.44
2020-05-07,34.12,35.68,8854.39,2848.42
2020-05-08,31.44,34.01,8979.66,2881.19
2020-05-09,27.98,31.64,9121.32,2929.8
2020-05-10,27.98,31.64,9121.32,2929.8
2020-05-11,27.98,31.64,9121.32,2929.8
2020-05-12,27.57,30.39,9192.34,2930.32
2020-05-13,33.04,34.26,9002.55,2870.12
2020-05-14,35.28,36.51,8863.17,2820.0
2020-05-15,32.61,34.9,8943.72,2852.5
2020-05-16,31.89,34.51,9014.56,2863.7
2020-05-17,31.89,34.51,9014.56,2863.7
2020-05-18,31.89,34.51,9014.56,2863.7
2020-05-19,29.3,31.77,9234.83,2953.91
2020-05-20,30.53,32.81,9185.1,2922.94
2020-05-21,27.99,31.11,9375.78,2971.61
2020-05-22,29.53,32.38,9284.88,2948.51
2020-05-23,28.16,31.54,9324.59,2955.45
2020-05-24,28.16,31.54,9324.59,2955.45
2020-05-25,28.16,31.54,9324.59,2955.45
2020-05-26,28.16,31.54,9324.59,2955.45
2020-05-27,28.01,30.85,9340.22,2991.77
2020-05-28,27.62,30.19,9412.36,3036.13
2020-05-29,28.59,31.21,9368.99,3029.73
2020-05-30,27.51,30.27,9489.87,3044.31
2020-05-31,27.51,30.27,9489.87,3044.31
2020-06-01,27.51,30.27,9489.87,3044.31
2020-06-02,28.23,30.92,9552.05,3055.73
2020-06-03,26.84,29.93,9608.37,3080.82
2020-06-04,25.66,28.91,9682.91,3122.87
2020-06-05,25.81,28.85,9615.81,3112.35
2020-06-06,24.52,27.42,9814.08,3193.93
2020-06-07,24.52,27.42,9814.08,3193.93
2020-06-08,24.52,27.42,9814.08,3193.93
2020-06-09,25.81,28.08,9924.74,3232.39
2020-06-10,27.57,29.67,9953.75,3207.18
2020-06-11,27.57,29.57,10020.35,3190.14
2020-06-12,40.79,40.43,9492.73,3002.1
2020-06-13,36.09,38.05,9588.81,3041.31
2020-06-14,36.09,38.05,9588.81,3041.31
2020-06-15,36.09,38.05,9588.81,3041.31
2020-06-16,34.4,36.43,9726.02,3066.59
2020-06-17,33.67,35.8,9895.87,3124.74
2020-06-18,33.47,35.72,9910.53,3113.49
2020-06-19,32.94,35.14,9943.05,3115.34
2020-06-20,35.12,36.68,9946.12,3097.74
2020-06-21,35.12,36.68,9946.12,3097.74
2020-06-22,35.12,36.68,9946.12,3097.74
2020-06-23,31.77,33.75,10056.47,3117.86
2020-06-24,31.37,33.06,10131.37,3131.29
2020-06-25,33.84,35.39,9909.17,3050.33
2020-06-26,32.22,34.09,10017.0,3083.76
2020-06-27,34.73,35.8,9757.22,3009.05
2020-06-28,34.73,35.8,9757.22,3009.05
2020-06-29,34.73,35.8,9757.22,3009.05
2020-06-30,31.78,33.91,9874.15,3053.24
2020-07-01,30.43,32.52,10058.77,3100.29
2020-07-02,28.62,31.68,10154.63,3115.86
2020-07-03,27.68,30.87,10207.63,3130.01
2020-07-04,27.68,30.87,10207.63,3130.01
2020-07-05,27.68,30.87,10207.63,3130.01
2020-07-06,27.68,30.87,10207.63,3130.01
2020-07-07,27.94,30.98,10433.65,3179.72
2020-07-08,29.43,32.07,10343.89,3145.32
2020-07-09,28.08,31.19,10492.5,3169.94
2020-07-10,29.26,32.06,10547.75,3152.05
2020-07-11,27.29,31.02,10617.44,3185.04
2020-07-12,27.29,31.02,10617.44,3185.04
2020-07-13,27.29,31.02,10617.44,3185.04
2020-07-14,32.19,34.54,10390.84,3155.22
2020-07-15,29.52,32.56,10488.58,3197.52
2020-07-16,27.76,31.56,10550.49,3226.56
2020-07-17,28.0,31.55,10473.83,3215.57
2020-07-18,25.68,30.37,10503.19,3224.73
2020-07-19,25.68,30.37,10503.19,3224.73
2020-07-20,25.68,30.37,10503.19,3224.73
2020-07-21,24.46,29.1,10767.09,3251.84
2020-07-22,24.84,29.47,10680.36,3257.3
2020-07-23,24.32,29.05,10706.13,3276.02
2020-07-24,26.08,30.25,10461.42,3235.66
2020-07-25,25.84,30.56,10363.18,3215.63
2020-07-26,25.84,30.56,10363.18,3215.63
2020-07-27,25.84,30.56,10363.18,3215.63
2020-07-28,24.74,30.0,10536.27,3239.41
2020-07-29,25.44,30.1,10402.09,3218.44
2020-07-30,24.1,29.29,10542.94,3258.44
2020-07-31,24.76,29.76,10587.81,3246.22
2020-08-01,24.46,29.71,10745.27,3271.12
2020-08-02,24.46,29.71,10745.27,3271.12
2020-08-03,24.46,29.71,10745.27,3271.12
2020-08-04,24.28,29.66,10902.8,3294.61
2020-08-05,23.76,29.09,10941.17,3306.51
2020-08-06,22.99,28.6,10998.4,3327.77
2020-08-07,22.65,28.2,11108.07,3349.16
2020-08-08,22.21,28.28,11010.98,3351.28
2020-08-09,22.21,28.28,11010.98,3351.28
2020-08-10,22.21,28.28,11010.98,3351.28
2020-08-11,22.13,28.05,10968.36,3360.47
2020-08-12,24.03,29.17,10782.82,3333.69
2020-08-13,22.28,28.12,11012.24,3380.35
2020-08-14,22.13,28.17,11042.5,3373.43
2020-08-15,22.05,28.37,11019.3,3372.85
2020-08-16,22.05,28.37,11019.3,3372.85
2020-08-17,22.05,28.37,11019.3,3372.85
2020-08-18,21.35,27.45,11129.73,3381.99
2020-08-19,21.51,27.35,11210.84,3389.78
2020-08-20,22.54,28.11,11146.46,3374.85
2020-08-21,22.72,28.13,11264.95,3385.51
2020-08-22,22.54,28.17,11311.8,3397.16
2020-08-23,22.54,28.17,11311.8,3397.16
2020-08-24,22.54,28.17,11311.8,3397.16
2020-08-25,22.37,28.1,11379.72,3431.28
2020-08-26,22.03,27.91,11466.47,3443.62
2020-08-27,23.27,28.7,11665.06,3478.73
2020-08-28,24.47,29.93,11625.34,3484.55
2020-08-29,22.96,29.62,11695.63,3508.01
2020-08-30,22.96,29.62,11695.63,3508.01
2020-08-31,22.96,29.62,11695.63,3508.01
2020-09-01,26.41,31.85,11775.46,3500.31
2020-09-02,26.12,32.1,11939.67,3526.65
2020-09-03,26.57,32.67,12056.44,3580.84
2020-09-04,33.6,37.63,11458.1,3455.06
2020-09-05,30.75,34.75,11313.13,3426.96
2020-09-06,30.75,34.75,11313.13,3426.96
2020-09-07,30.75,34.75,11313.13,3426.96
2020-09-08,30.75,34.75,11313.13,3426.96
2020-09-09,31.46,34.31,10847.69,3331.84
2020-09-10,28.81,32.12,11141.56,3398.96
2020-09-11,29.71,32.92,10919.59,3339.19
2020-09-12,26.87,31.13,10853.55,3340.97
2020-09-13,26.87,31.13,10853.55,3340.97
2020-09-14,26.87,31.13,10853.55,3340.97
2020-09-15,25.85,30.48,11056.65,3383.54
2020-09-16,25.59,30.27,11190.32,3401.2
2020-09-17,26.04,30.57,11050.47,3385.49
2020-09-18,26.46,30.75,10910.28,3357.01
2020-09-19,25.83,30.46,10793.28,3319.47
2020-09-20,25.83,30.46,10793.28,3319.47
2020-09-21,25.83,30.46,10793.28,3319.47
2020-09-22,27.78,31.64,10778.94,3281.06
2020-09-23,26.86,31.67,10963.77,3315.57
2020-09-24,28.58,33.28,10633.15,3236.92
2020-09-25,28.51,33.06,10672.43,3246.59
2020-09-26,26.38,32.03,10913.73,3298.46
2020-09-27,26.38,32.03,10913.73,3298.46
2020-09-28,26.38,32.03,10913.73,3298.46
2020-09-29,26.19,31.74,11117.7,3351.6
2020-09-30,26.27,31.09,11085.42,3335.47
2020-10-01,26.37,31.64,11167.68,3363.0
2020-10-02,26.7,31.72,11326.61,3380.8
2020-10-03,27.63,32.39,11075.11,3348.44
2020-10-04,27.63,32.39,11075.11,3348.44
2020-10-05,27.63,32.39,11075.11,3348.44
2020-10-06,27.96,31.28,11332.58,3408.63
2020-10-07,29.48,31.88,11154.7,3360.95
2020-10-08,28.06,30.7,11364.7,3419.45
2020-10-09,26.36,29.49,11421.08,3446.83
2020-10-10,25.0,28.28,11580.05,3477.13
2020-10-11,25.0,28.28,11580.05,3477.13
2020-10-12,25.0,28.28,11580.05,3477.13
2020-10-13,25.07,27.98,11876.36,3534.22
2020-10-14,26.07,28.35,11864.0,3511.93
2020-10-15,26.4,28.24,11768.83,3488.67
2020-10-16,26.97,28.72,11713.97,3483.34
2020-10-17,27.41,29.21,11671.66,3483.81
2020-10-18,27.41,29.21,11671.66,3483.81
2020-10-19,27.41,29.21,11671.66,3483.81
2020-10-20,29.18,30.4,11478.98,3426.92
2020-10-21,29.35,30.11,11516.49,3443.12
2020-10-22,28.65,29.61,11484.69,3435.56
2020-10-23,28.11,29.3,11506.01,3453.49
2020-10-24,27.55,28.99,11548.28,3465.39
2020-10-25,27.55,28.99,11548.28,3465.39
2020-10-26,27.55,28.99,11548.28,3465.39
2020-10-27,32.46,32.07,11358.94,3400.97
2020-10-28,33.35,32.72,11431.35,3390.68
2020-10-29,40.28,37.75,11004.87,3271.03
2020-10-30,37.59,35.84,11185.59,3310.11
2020-10-31,38.02,36.27,10911.59,3269.96
2020-11-01,38.02,36.27,10911.59,3269.96
2020-11-02,38.02,36.27,10911.59,3269.96
2020-11-03,37.13,35.06,10957.61,3310.24
2020-11-04,35.55,33.52,11160.57,3369.16
2020-11-05,29.57,29.98,11590.78,3443.44
2020-11-06,27.58,29.05,11890.93,3510.45
2020-11-07,24.86,27.37,11895.23,3509.44
2020-11-08,24.86,27.37,11895.23,3509.44
2020-11-09,24.86,27.37,11895.23,3509.44
2020-11-10,25.75,26.88,11713.78,3550.5
2020-11-11,24.8,26.49,11553.86,3545.53
2020-11-12,23.45,25.62,11786.43,3572.66
2020-11-13,25.35,27.22,11709.59,3537.01
2020-11-14,23.1,25.69,11829.29,3585.15
2020-11-15,23.1,25.69,11829.29,3585.15
2020-11-16,23.1,25.69,11829.29,3585.15
2020-11-17,22.45,25.35,11924.13,3626.91
2020-11-18,22.71,25.38,11899.34,3609.53
2020-11-19,23.84,26.39,11801.6,3567.79
2020-11-20,23.11,25.8,11904.71,3581.87
2020-11-21,23.7,26.06,11854.97,3557.54
2020-11-22,23.7,26.06,11854.97,3557.54
2020-11-23,23.7,26.06,11854.97,3557.54
2020-11-24,22.66,25.43,11881.17,3577.59
2020-11-25,21.64,24.84,12037.33,3635.41
2020-11-26,21.25,24.42,12094.4,3629.65
2020-11-27,21.25,24.42,12094.4,3629.65
2020-11-28,20.84,24.43,12205.85,3638.35
2020-11-29,20.84,24.43,12205.85,3638.35
2020-11-30,20.84,24.43,12205.85,3638.35
2020-12-01,20.57,24.33,12198.74,3621.63
2020-12-02,20.77,24.49,12355.11,3662.45
2020-12-03,21.17,24.54,12349.37,3669.01
2020-12-04,21.28,24.56,12377.18,3666.72
2020-12-05,20.79,24.29,12464.23,3699.12
2020-12-06,20.79,24.29,12464.23,3699.12
2020-12-07,20.79,24.29,12464.23,3699.12
2020-12-08,21.3,24.52,12519.95,3691.96
2020-12-09,20.68,23.87,12582.77,3702.25
2020-12-10,22.27,24.73,12338.95,3672.82
2020-12-11,22.52,25.05,12405.81,3668.1
2020-12-12,23.31,26.05,12377.87,3663.46
2020-12-13,23.31,26.05,12377.87,3663.46
2020-12-14,23.31,26.05,12377.87,3663.46
2020-12-15,24.72,27.11,12440.04,3647.49
2020-12-16,22.89,25.87,12595.06,3694.62
2020-12-17,22.5,25.47,12658.19,3701.17
2020-12-18,21.93,25.15,12764.75,3722.48
2020-12-19,21.57,25.17,12755.64,3709.41
2020-12-20,21.57,25.17,12755.64,3709.41
2020-12-21,21.57,25.17,12755.64,3709.41
2020-12-22,25.16,27.58,12742.52,3694.92
2020-12-23,24.23,27.25,12807.92,3687.26
2020-12-24,23.31,26.26,12771.11,3690.01
2020-12-25,21.53,25.37,12804.73,3703.06
2020-12-26,21.53,25.37,12804.73,3703.06
2020-12-27,21.53,25.37,12804.73,3703.06
2020-12-28,21.53,25.37,12804.73,3703.06
2020-12-29,21.7,25.15,12899.42,3735.36
2020-12-30,23.08,26.24,12850.22,3727.04
2020-12-31,22.77,25.44,12870.0,3732.04
2021-01-01,22.75,25.28,12888.28,3756.07
2021-01-02,22.75,25.28,12888.28,3756.07
2021-01-03,22.75,25.28,12888.28,3756.07
2021-01-04,22.75,25.28,12888.28,3756.07
2021-01-05,26.97,28.26,12698.45,3700.65
2021-01-06,25.34,27.25,12818.96,3726.86
2021-01-07,25.07,26.79,12740.79,3748.14
2021-01-08,22.37,25.02,13067.48,3803.79
2021-01-09,21.56,24.9,13201.98,3824.68
2021-01-10,21.56,24.9,13201.98,3824.68
2021-01-11,21.56,24.9,13201.98,3824.68
2021-01-12,24.08,26.7,13036.43,3799.61
2021-01-13,23.33,26.2,13072.43,3801.19
2021-01-14,22.21,25.55,13128.95,3809.84
2021-01-15,23.25,26.32,13112.64,3795.54
2021-01-16,24.34,27.26,12998.5,3768.25
2021-01-17,24.34,27.26,12998.5,3768.25
2021-01-18,24.34,27.26,12998.5,3768.25
2021-01-19,24.34,27.26,12998.5,3768.25
2021-01-20,23.24,26.69,13197.18,3798.91
2021-01-21,21.58,25.72,13457.25,3851.85
2021-01-22,21.32,25.7,13530.91,3853.07
2021-01-23,21.91,25.99,13543.06,3841.47
2021-01-24,21.91,25.99,13543.06,3841.47
2021-01-25,21.91,25.99,13543.06,3841.47
2021-01-26,23.19,26.88,13635.99,3855.36
2021-01-27,23.02,26.89,13626.06,3849.62
2021-01-28,37.21,35.73,13270.6,3750.77
2021-01-29,30.21,31.77,13337.16,3787.38
2021-01-30,33.09,33.88,13070.69,3714.24
2021-01-31,33.09,33.88,13070.69,3714.24
2021-02-01,33.09,33.88,13070.69,3714.24
2021-02-02,30.24,32.53,13403.39,3773.86
2021-02-03,25.56,29.36,13612.78,3826.31
2021-02-04,22.91,27.57,13610.54,3830.17
2021-02-05,21.77,26.79,13777.74,3871.74
2021-02-06,20.87,26.52,13856.3,3886.83
2021-02-07,20.87,26.52,13856.3,3886.83
2021-02-08,20.87,26.52,13856.3,3886.83
2021-02-09,21.24,26.65,13987.64,3915.59
2021-02-10,21.63,27.11,14007.7,3911.23
2021-02-11,21.99,27.49,13972.53,3909.88
2021-02-12,21.25,27.22,14025.77,3916.38
2021-02-13,19.97,26.5,14095.47,3934.83
2021-02-14,19.97,26.5,14095.47,3934.83
2021-02-15,19.97,26.5,14095.47,3934.83
2021-02-16,19.97,26.5,14095.47,3934.83
2021-02-17,21.46,27.55,14047.5,3932.59
2021-02-18,21.5,27.52,13965.5,3931.33
2021-02-19,22.49,27.86,13865.36,3913.97
2021-02-20,22.05,27.09,13874.47,3906.71
2021-02-21,22.05,27.09,13874.47,3906.71
2021-02-22,22.05,27.09,13874.47,3906.71
2021-02-23,23.45,27.81,13533.05,3876.5
2021-02-24,23.11,27.12,13465.2,3881.37
2021-02-25,21.34,25.89,13597.97,3925.43
2021-02-26,28.89,30.24,13119.43,3829.34
2021-02-27,27.95,29.6,13192.35,3811.15
2021-02-28,27.95,29.6,13192.35,3811.15
2021-03-01,27.95,29.6,13192.35,3811.15
2021-03-02,23.35,26.78,13588.83,3901.82
2021-03-03,24.1,27.16,13358.79,3870.29
2021-03-04,26.67,28.79,12997.75,3819.72
2021-03-05,28.57,30.08,12723.47,3768.47
2021-03-06,24.66,27.89,12920.15,3841.94
2021-03-07,24.66,27.89,12920.15,3841.94
2021-03-08,24.66,27.89,12920.15,3841.94
2021-03-09,25.47,28.13,12609.16,3821.35
2021-03-10,24.03,27.28,13073.82,3875.44
2021-03-11,22.56,26.68,13068.83,3898.81
2021-03-12,21.91,26.09,13398.67,3939.34
2021-03-13,20.69,25.74,13319.86,3943.34
2021-03-14,20.69,25.74,13319.86,3943.34
2021-03-15,20.69,25.74,13319.86,3943.34
2021-03-16,20.03,24.89,13459.71,3968.94
2021-03-17,19.79,24.71,13471.57,3962.71
2021-03-18,19.23,23.88,13525.2,3974.12
2021-03-19,21.58,25.28,13116.17,3915.46
2021-03-20,20.95,24.99,13215.24,3913.1
2021-03-21,20.95,24.99,13215.24,3913.1
2021-03-22,20.95,24.99,13215.24,3913.1
2021-03-23,18.88,22.94,13377.54,3940.59
2021-03-24,20.3,23.8,13227.7,3910.52
2021-03-25,21.2,24.4,12961.89,3889.14
2021-03-26,19.81,23.37,12977.68,3909.52
2021-03-27,18.86,22.32,13138.72,3974.54
2021-03-28,18.86,22.32,13138.72,3974.54
2021-03-29,18.86,22.32,13138.72,3974.54
2021-03-30,20.74,23.2,13059.65,3971.09
2021-03-31,19.61,22.31,13045.39,3958.55
2021-04-01,19.4,22.15,13246.87,3972.89
2021-04-02,17.33,20.97,13480.11,4019.87
2021-04-03,17.33,20.97,13480.11,4019.87
2021-04-04,17.33,20.97,13480.11,4019.87
2021-04-05,17.33,20.97,13480.11,4019.87
2021-04-06,17.91,20.96,13705.59,4077.91
2021-04-07,18.12,21.16,13698.38,4073.94
2021-04-08,17.16,20.66,13688.84,4079.95
2021-04-09,16.95,20.59,13829.31,4097.17
2021-04-10,16.69,20.74,13900.19,4128.8
2021-04-11,16.69,20.74,13900.19,4128.8
2021-04-12,16.69,20.74,13900.19,4128.8
2021-04-13,16.91,20.82,13850.0,4127.99
2021-04-14,16.65,20.78,13996.1,4141.59
2021-04-15,16.99,21.06,13857.84,4124.66
2021-04-16,16.57,20.76,14038.76,4170.42
2021-04-17,16.25,20.53,14052.34,4185.47
2021-04-18,16.25,20.53,14052.34,4185.47
2021-04-19,16.25,20.53,14052.34,4185.47
2021-04-20,17.29,21.37,13914.77,4163.26
2021-04-21,18.68,22.35,13786.27,4134.94
2021-04-22,17.5,21.49,13950.22,4173.42
2021-04-23,18.71,22.52,13818.41,4134.98
2021-04-24,17.33,21.57,14016.81,4180.17
2021-04-25,17.33,21.57,14016.81,4180.17
2021-04-26,17.33,21.57,14016.81,4180.17
2021-04-27,17.64,21.54,14138.78,4187.62
2021-04-28,17.56,21.32,14090.22,4186.72
2021-04-29,17.28,21.13,14051.03,4183.18
2021-04-30,17.61,21.31,14082.55,4211.47
2021-05-01,18.61,22.07,13962.68,4181.17
2021-05-02,18.61,22.07,13962.68,4181.17
2021-05-03,18.61,22.07,13962.68,4181.17
2021-05-04,18.31,21.74,13895.12,4192.66
2021-05-05,19.48,22.67,13633.5,4164.66
2021-05-06,19.15,22.26,13582.42,4167.59
2021-05-07,18.39,21.88,13632.84,4201.62
2021-05-08,16.69,20.79,13752.24,4232.6
2021-05-09,16.69,20.79,13752.24,4232.6
2021-05-10,16.69,20.79,13752.24,4232.6
2021-05-11,19.66,22.4,13401.86,4188.43
2021-05-12,21.84,24.23,13389.43,4152.1
2021-05-13,27.59,28.18,13031.68,4063.04
2021-05-14,23.13,25.26,13124.99,4112.5
2021-05-15,18.81,22.26,13429.98,4173.85
2021-05-16,18.81,22.26,13429.98,4173.85
2021-05-17,18.81,22.26,13429.98,4173.85
2021-05-18,19.72,23.14,13379.05,4163.29
2021-05-19,21.34,24.22,13303.64,4127.83
2021-05-20,22.18,25.27,13299.74,4115.68
2021-05-21,20.67,23.81,13535.74,4159.12
2021-05-22,20.15,23.49,13470.99,4155.86
2021-05-23,20.15,23.49,13470.99,4155.86
2021-05-24,20.15,23.49,13470.99,4155.86
2021-05-25,18.4,22.23,13661.17,4197.05
2021-05-26,18.84,22.4,13657.17,4188.13
2021-05-27,17.36,21.3,13738.0,4195.99
2021-05-28,16.74,20.31,13736.28,4200.88
2021-05-29,16.76,20.48,13748.74,4204.11
2021-05-30,16.76,20.48,13748.74,4204.11
2021-05-31,16.76,20.48,13748.74,4204.11
2021-06-01,16.76,20.48,13748.74,4204.11
2021-06-02,17.9,21.34,13736.48,4202.04
2021-06-03,17.48,21.42,13756.33,4208.12
2021-06-04,18.04,21.82,13614.51,4192.85
2021-06-05,16.42,20.62,13814.49,4229.89
2021-06-06,16.42,20.62,13814.49,4229.89
2021-06-07,16.42,20.62,13814.49,4229.89
2021-06-08,16.42,20.55,13881.72,4226.52
2021-06-09,17.07,20.85,13924.91,4227.26
2021-06-10,17.89,21.28,13911.75,4219.55
2021-06-11,16.1,20.08,14020.33,4239.18
2021-06-12,15.65,19.64,14069.42,4247.44
2021-06-13,15.65,19.64,14069.42,4247.44
2021-06-14,15.65,19.64,14069.42,4247.44
2021-06-15,16.39,20.14,14174.14,4255.15
2021-06-16,17.02,20.68,14072.86,4246.59
2021-06-17,18.15,21.26,14039.68,4223.7
2021-06-18,17.75,20.98,14161.35,4221.86
2021-06-19,20.7,22.93,14030.38,4166.45
2021-06-20,20.7,22.93,14030.38,4166.45
2021-06-21,20.7,22.93,14030.38,4166.45
2021-06-22,17.89,21.12,14141.48,4224.79
2021-06-23,16.66,20.07,14253.27,4246.44
2021-06-24,16.32,19.7,14271.73,4241.84
2021-06-25,15.97,19.26,14369.71,4266.49
2021-06-26,15.62,19.0,14360.39,4280.7
2021-06-27,15.62,19.0,14360.39,4280.7
2021-06-28,15.62,19.0,14360.39,4280.7
2021-06-29,15.76,19.02,14500.51,4290.61
2021-06-30,16.02,19.49,14528.33,4291.8
2021-07-01,15.83,19.51,14503.95,4297.5
2021-07-02,15.48,19.45,14522.38,4319.94
2021-07-03,15.07,19.3,14639.33,4352.34
2021-07-04,15.07,19.3,14639.33,4352.34
2021-07-05,15.07,19.3,14639.33,4352.34
2021-07-06,15.07,19.3,14639.33,4352.34
2021-07-07,16.44,20.26,14663.64,4343.54
2021-07-08,16.2,20.41,14665.06,4358.13
2021-07-09,19.0,21.98,14559.78,4320.82
2021-07-10,16.18,20.44,14701.92,4369.55
2021-07-11,16.18,20.44,14701.92,4369.55
2021-07-12,16.18,20.44,14701.92,4369.55
2021-07-13,16.17,20.46,14733.24,4384.63
2021-07-14,17.12,21.13,14677.65,4369.21
2021-07-15,16.33,20.62,14644.95,4374.3
2021-07-16,17.01,21.09,14543.13,4360.03
2021-07-17,18.45,22.07,14427.24,4327.16
2021-07-18,18.45,22.07,14427.24,4327.16
2021-07-19,18.45,22.07,14427.24,4327.16
2021-07-20,22.5,24.9,14274.98,4258.49
2021-07-21,19.73,23.2,14498.88,4323.06
2021-07-22,17.91,21.87,14631.95,4358.69
2021-07-23,17.69,21.86,14684.6,4367.48
2021-07-24,17.2,21.65,14836.99,4411.79
2021-07-25,17.2,21.65,14836.99,4411.79
2021-07-26,17.2,21.65,14836.99,4411.79
2021-07-27,17.58,21.74,14840.71,4422.3
2021-07-28,19.36,23.0,14660.58,4401.46
2021-07-29,18.31,22.35,14762.58,4400.64
2021-07-30,17.7,21.88,14778.26,4419.15
2021-07-31,18.24,22.18,14672.68,4395.26
2021-08-01,18.24,22.18,14672.68,4395.26
2021-08-02,18.24,22.18,14672.68,4395.26
2021-08-03,19.46,23.05,14681.07,4387.16
2021-08-04,18.04,22.18,14761.29,4423.15
2021-08-05,17.97,22.17,14780.53,4402.66
2021-08-06,17.28,21.52,14895.12,4429.1
2021-08-07,16.15,20.87,14835.76,4436.52
2021-08-08,16.15,20.87,14835.76,4436.52
2021-08-09,16.15,20.87,14835.76,4436.52
2021-08-10,16.72,21.27,14860.18,4432.35
2021-08-11,16.79,21.21,14788.09,4436.75
2021-08-12,16.06,20.67,14765.14,4447.7
2021-08-13,15.59,20.25,14816.26,4460.83
2021-08-14,15.45,20.26,14822.9,4468.0
2021-08-15,15.45,20.26,14822.9,4468.0
2021-08-16,15.45,20.26,14822.9,4468.0
2021-08-17,16.12,20.64,14793.76,4479.71
2021-08-18,17.91,21.7,14656.18,4448.08
2021-08-19,21.57,23.8,14525.91,4400.27
2021-08-20,21.67,24.2,14541.79,4405.8
2021-08-21,18.56,22.41,14714.66,4441.67
2021-08-22,18.56,22.41,14714.66,4441.67
2021-08-23,18.56,22.41,14714.66,4441.67
2021-08-24,17.15,21.2,14942.65,4479.53
2021-08-25,17.22,21.22,15019.8,4486.23
2021-08-26,16.79,20.79,15041.86,4496.19
2021-08-27,18.84,21.86,14945.81,4470.0
2021-08-28,16.39,20.61,15129.5,4509.37
2021-08-29,16.39,20.61,15129.5,4509.37
2021-08-30,16.39,20.61,15129.5,4509.37
2021-08-31,16.19,20.4,15265.89,4528.79
2021-09-01,16.48,20.42,15259.24,4522.68
2021-09-02,16.11,20.08,15309.38,4524.09
2021-09-03,16.41,20.13,15331.18,4536.95
2021-09-04,16.41,20.32,15363.52,4535.43
2021-09-05,16.41,20.32,15363.52,4535.43
2021-09-06,16.41,20.32,15363.52,4535.43
2021-09-07,16.41,20.32,15363.52,4535.43
2021-09-08,18.14,21.53,15374.33,4520.03
2021-09-09,17.96,21.59,15286.64,4514.07
2021-09-10,18.8,22.06,15248.25,4493.28
2021-09-11,20.95,23.31,15115.49,4458.58
2021-09-12,20.95,23.31,15115.49,4458.58
2021-09-13,20.95,23.31,15115.49,4458.58
2021-09-14,19.37,22.47,15105.58,4468.73
2021-09-15,19.46,22.55,15037.76,4443.05
2021-09-16,18.18,21.76,15161.53,4480.7
2021-09-17,18.69,21.81,15181.92,4473.75
2021-09-18,20.81,23.22,15043.97,4432.99
2021-09-19,20.81,23.22,15043.97,4432.99
2021-09-20,20.81,23.22,15043.97,4432.99
2021-09-21,25.71,26.4,14713.9,4357.73
2021-09-22,24.36,25.47,14746.4,4354.19
2021-09-23,20.87,23.05,14896.85,4395.64
2021-09-24,18.63,21.37,15052.24,4448.98
2021-09-25,17.75,20.82,15047.7,4455.48
2021-09-26,17.75,20.82,15047.7,4455.48
2021-09-27,17.75,20.82,15047.7,4455.48
2021-09-28,18.76,21.4,14969.97,4443.11
2021-09-29,23.25,24.03,14546.68,4352.63
2021-09-30,22.56,23.72,14512.44,4359.46
2021-10-01,23.14,23.87,14448.58,4307.54
2021-10-02,21.15,23.05,14566.7,4357.04
2021-10-03,21.15,23.05,14566.7,4357.04
2021-10-04,21.15,23.05,14566.7,4357.04
2021-10-05,22.96,24.11,14255.48,4300.46
2021-10-06,21.3,23.11,14433.83,4345.72
2021-10-07,21.0,22.84,14501.91,4363.55
2021-10-08,19.54,22.12,14654.02,4399.76
2021-10-09,18.77,21.88,14579.54,4391.34
2021-10-10,18.77,21.88,14579.54,4391.34
2021-10-11,18.77,21.88,14579.54,4391.34
2021-10-12,20.0,22.39,14486.2,4361.19
2021-10-13,19.85,22.33,14465.92,4350.65
2021-10-14,18.64,21.54,14571.64,4363.8
2021-10-15,16.86,20.37,14823.43,4438.26
2021-10-16,16.3,20.3,14897.34,4471.37
2021-10-17,16.3,20.3,14897.34,4471.37
2021-10-18,16.3,20.3,14897.34,4471.37
2021-10-19,16.31,20.29,15021.81,4486.46
2021-10-20,15.7,19.98,15129.09,4519.63
2021-10-21,15.49,19.87,15121.68,4536.19
2021-10-22,15.01,19.48,15215.7,4549.78
2021-10-23,15.43,20.01,15090.2,4544.9
2021-10-24,15.43,20.01,15090.2,4544.9
2021-10-25,15.43,20.01,15090.2,4544.9
2021-10-26,15.24,19.56,15226.71,4566.48
2021-10-27,15.98,20.11,15235.71,4574.79
2021-10-28,16.98,20.89,15235.84,4551.68
2021-10-29,16.53,20.48,15448.12,4596.42
2021-10-30,16.26,20.37,15498.39,4605.38
2021-10-31,16.26,20.37,15498.39,4605.38
2021-11-01,16.26,20.37,15498.39,4605.38
2021-11-02,16.41,20.39,15595.92,4613.67
2021-11-03,16.03,20.1,15649.6,4630.65
2021-11-04,15.1,19.5,15811.58,4660.57
2021-11-05,15.44,19.7,15940.31,4680.06
2021-11-06,16.48,20.49,15971.59,4697.53
2021-11-07,16.48,20.49,15971.59,4697.53
2021-11-08,16.48,20.49,15971.59,4697.53
2021-11-09,17.22,20.98,15982.36,4701.7
2021-11-10,17.78,21.41,15886.54,4685.25
2021-11-11,18.73,22.0,15622.71,4646.71
2021-11-12,17.66,21.38,15704.28,4649.27
2021-11-13,16.29,20.69,15860.96,4682.85
2021-11-14,16.29,20.69,15860.96,4682.85
2021-11-15,16.29,20.69,15860.96,4682.85
2021-11-16,16.49,20.87,15853.85,4682.8
2021-11-17,16.37,20.9,15973.86,4700.9
2021-11-18,17.11,21.58,15921.57,4688.67
2021-11-19,17.59,21.9,15993.71,4704.54
2021-11-20,17.91,21.92,16057.44,4697.96
2021-11-21,17.91,21.92,16057.44,4697.96
2021-11-22,17.91,21.92,16057.44,4697.96
2021-11-23,19.17,22.63,15854.76,4682.94
2021-11-24,19.38,22.45,15775.14,4690.7
2021-11-25,18.58,21.9,15845.23,4701.46
2021-11-26,18.58,21.9,15845.23,4701.46
2021-11-27,28.62,29.17,15491.66,4594.62
2021-11-28,28.62,29.17,15491.66,4594.62
2021-11-29,28.62,29.17,15491.66,4594.62
2021-11-30,22.96,25.04,15782.83,4655.27
2021-12-01,27.19,28.13,15537.69,4567.0
2021-12-02,31.12,30.79,15254.05,4513.04
2021-12-03,27.95,29.15,15381.32,4577.1
2021-12-04,30.67,31.78,15085.47,4538.43
2021-12-05,30.67,31.78,15085.47,4538.43
2021-12-06,30.67,31.78,15085.47,4538.43
2021-12-07,27.18,28.88,15225.15,4591.67
2021-12-08,21.89,24.96,15686.92,4686.75
2021-12-09,19.9,23.63,15786.99,4701.21
2021-12-10,21.58,24.66,15517.37,4667.45
2021-12-11,18.69,23.18,15630.6,4712.02
2021-12-12,18.69,23.18,15630.6,4712.02
2021-12-13,18.69,23.18,15630.6,4712.02
2021-12-14,20.31,24.32,15413.28,4668.97
2021-12-15,21.89,25.35,15237.64,4634.09
2021-12-16,19.29,23.3,15565.58,4709.85
2021-12-17,20.57,24.37,15180.43,4668.67
2021-12-18,21.57,25.38,15169.68,4620.64
2021-12-19,21.57,25.38,15169.68,4620.64
2021-12-20,21.57,25.38,15169.68,4620.64
2021-12-21,22.87,26.31,14980.94,4568.02
2021-12-22,21.01,25.0,15341.09,4649.23
2021-12-23,18.63,23.56,15521.89,4696.56
2021-12-24,17.96,23.24,15653.37,4725.79
2021-12-25,17.96,23.24,15653.37,4725.79
2021-12-26,17.96,23.24,15653.37,4725.79
2021-12-27,17.96,23.24,15653.37,4725.79
2021-12-28,17.68,22.74,15871.26,4791.19
2021-12-29,17.54,22.33,15781.72,4786.35
2021-12-30,16.95,21.83,15766.22,4793.06
2021-12-31,17.33,21.88,15741.56,4778.73
2022-01-01,17.22,21.88,15644.97,4766.18
2022-01-02,17.22,21.88,15644.97,4766.18
2022-01-03,17.22,21.88,15644.97,4766.18
2022-01-04,16.6,21.53,15832.8,4796.56
2022-01-05,16.91,21.62,15622.72,4793.54
2022-01-06,19.73,23.47,15100.17,4700.58
2022-01-07,19.61,23.5,15080.86,4696.05
2022-01-08,18.76,22.87,14935.9,4677.03
2022-01-09,18.76,22.87,14935.9,4677.03
2022-01-10,18.76,22.87,14935.9,4677.03
2022-01-11,19.4,22.68,14942.83,4670.29
2022-01-12,18.41,21.98,15153.45,4713.07
2022-01-13,17.62,21.58,15188.39,4726.35
2022-01-14,20.31,23.41,14806.81,4659.03
2022-01-15,19.19,22.82,14893.75,4662.85
2022-01-16,19.19,22.82,14893.75,4662.85
2022-01-17,19.19,22.82,14893.75,4662.85
2022-01-18,19.19,22.82,14893.75,4662.85
2022-01-19,22.79,25.12,14506.9,4577.11
2022-01-20,23.85,25.81,14340.26,4532.76
2022-01-21,25.59,27.25,14154.02,4482.73
2022-01-22,28.85,29.95,13768.92,4397.94
2022-01-23,28.85,29.95,13768.92,4397.94
2022-01-24,28.85,29.95,13768.92,4397.94
2022-01-25,29.9,30.82,13855.13,4410.13
2022-01-26,31.16,31.76,13539.29,4356.45
2022-01-27,31.96,31.95,13542.12,4349.93
2022-01-28,30.49,30.87,13352.78,4326.51
2022-01-29,27.66,28.82,13770.57,4431.85
2022-01-30,27.66,28.82,13770.57,4431.85
2022-01-31,27.66,28.82,13770.57,4431.85
2022-02-01,24.83,26.85,14239.88,4515.55
2022-02-02,21.96,24.76,14346.0,4546.54
2022-02-03,22.09,25.14,14417.55,4589.38
2022-02-04,24.35,26.67,13878.82,4477.44
2022-02-05,23.22,26.25,14098.01,4500.53
2022-02-06,23.22,26.25,14098.01,4500.53
2022-02-07,23.22,26.25,14098.01,4500.53
2022-02-08,22.86,25.69,14015.67,4483.87
2022-02-09,21.44,24.54,14194.45,4521.54
2022-02-10,19.96,23.49,14490.37,4587.18
2022-02-11,23.91,26.07,14185.64,4504.08
2022-02-12,27.36,28.83,13791.15,4418.64
2022-02-13,27.36,28.83,13791.15,4418.64
2022-02-14,27.36,28.83,13791.15,4418.64
2022-02-15,28.33,29.44,13790.92,4401.67
2022-02-16,25.7,27.28,14139.76,4471.07
2022-02-17,24.29,26.26,14124.09,4475.01
2022-02-18,28.11,29.32,13716.72,4380.26
2022-02-19,27.75,29.22,13548.07,4348.87
2022-02-20,27.75,29.22,13548.07,4348.87
2022-02-21,27.75,29.22,13548.07,4348.87
2022-02-22,27.75,29.22,13548.07,4348.87
2022-02-23,28.81,29.11,13381.52,4304.76
2022-02-24,31.02,30.88,13037.49,4225.5
2022-02-25,30.32,30.05,13473.59,4288.7
2022-02-26,27.59,28.04,13694.62,4384.65
2022-02-27,27.59,28.04,13694.62,4384.65
2022-02-28,27.59,28.04,13694.62,4384.65
2022-03-01,30.15,29.65,13751.4,4373.94
2022-03-02,33.32,32.59,13532.46,4306.26
2022-03-03,30.74,30.97,13752.02,4386.54
2022-03-04,30.48,30.8,13537.94,4363.49
2022-03-05,31.98,32.34,13313.44,4328.87
2022-03-06,31.98,32.34,13313.44,4328.87
2022-03-07,31.98,32.34,13313.44,4328.87
2022-03-08,36.45,35.74,12830.96,4201.09
2022-03-09,35.13,35.0,12795.55,4170.7
2022-03-10,32.45,33.06,13255.55,4277.88
2022-03-11,30.23,31.52,13129.96,4259.52
2022-03-12,30.75,32.34,12843.81,4204.31
2022-03-13,30.75,32.34,12843.81,4204.31
2022-03-14,30.75,32.34,12843.81,4204.31
2022-03-15,31.77,33.32,12581.22,4173.11
2022-03-16,29.83,31.96,12948.62,4262.45
2022-03-17,26.67,28.96,13436.55,4357.86
2022-03-18,25.67,28.22,13614.78,4411.67
2022-03-19,23.87,26.55,13893.84,4463.12
2022-03-20,23.87,26.55,13893.84,4463.12
2022-03-21,23.87,26.55,13893.84,4463.12
2022-03-22,23.53,26.38,13838.46,4461.18
2022-03-23,22.94,25.85,14108.82,4511.61
2022-03-24,23.57,26.41,13922.6,4456.24
2022-03-25,21.67,25.3,14191.84,4520.16
2022-03-26,20.81,24.72,14169.3,4543.06
2022-03-27,20.81,24.72,14169.3,4543.06
2022-03-28,20.81,24.72,14169.3,4543.06
2022-03-29,19.63,24.18,14354.9,4575.52
2022-03-30,18.9,23.19,14619.64,4631.6
2022-03-31,19.33,23.57,14442.27,4602.45
2022-04-01,20.56,24.46,14220.52,4530.41
2022-04-02,19.63,24.21,14261.5,4545.86
2022-04-03,19.63,24.21,14261.5,4545.86
2022-04-04,19.63,24.21,14261.5,4545.86
2022-04-05,18.57,23.03,14532.55,4582.64
2022-04-06,21.03,24.9,14204.17,4525.12
2022-04-07,22.1,25.8,13888.82,4481.15
2022-04-08,21.55,25.23,13897.3,4500.21
2022-04-09,21.16,25.17,13711.0,4488.28
2022-04-10,21.16,25.17,13711.0,4488.28
2022-04-11,21.16,25.17,13711.0,4488.28
2022-04-12,24.37,27.0,13411.96,4412.53
2022-04-13,24.26,27.17,13371.57,4397.45
2022-04-14,21.82,25.54,13643.59,4446.59
2022-04-15,22.7,26.03,13351.08,4392.59
2022-04-16,22.7,26.03,13351.08,4392.59
2022-04-17,22.7,26.03,13351.08,4392.59
2022-04-18,22.7,26.03,13351.08,4392.59
2022-04-19,22.17,25.75,13332.36,4391.69
2022-04-20,21.37,25.06,13619.66,4462.21
2022-04-21,20.32,24.15,13453.07,4459.45
2022-04-22,22.68,26.11,13174.65,4393.66
2022-04-23,28.21,29.87,12839.29,4271.78
2022-04-24,28.21,29.87,12839.29,4271.78
2022-04-25,28.21,29.87,12839.29,4271.78
2022-04-26,27.02,29.07,13004.85,4296.12
2022-04-27,33.52,33.14,12490.74,4175.2
2022-04-28,31.6,32.2,12488.93,4183.96
2022-04-29,29.99,31.15,12871.53,4287.5
2022-04-30,33.4,33.18,12334.64,4131.93
2022-05-01,33.4,33.18,12334.64,4131.93
2022-05-02,33.4,33.18,12334.64,4131.93
2022-05-03,32.34,33.01,12536.02,4155.38
2022-05-04,29.25,30.81,12563.76,4175.48
2022-05-05,25.42,28.09,12964.86,4300.17
2022-05-06,31.2,32.68,12317.69,4146.87
2022-05-07,30.19,32.31,12144.66,4123.34
2022-05-08,30.19,32.31,12144.66,4123.34
2022-05-09,30.19,32.31,12144.66,4123.34
2022-05-10,34.75,35.05,11623.25,3991.24
2022-05-11,32.99,33.97,11737.67,4001.05
2022-05-12,32.56,33.63,11364.24,3935.18
2022-05-13,31.77,33.08,11370.96,3930.08
2022-05-14,28.87,30.7,11805.0,4023.89
2022-05-15,28.87,30.7,11805.0,4023.89
2022-05-16,28.87,30.7,11805.0,4023.89
2022-05-17,27.47,29.51,11662.79,4008.01
2022-05-18,26.1,28.37,11984.52,4088.85
2022-05-19,30.96,32.8,11418.15,3923.68
2022-05-20,29.35,30.79,11388.5,3900.79
2022-05-21,29.43,31.14,11354.62,3901.36
2022-05-22,29.43,31.14,11354.62,3901.36
2022-05-23,29.43,31.14,11354.62,3901.36
2022-05-24,28.48,30.29,11535.27,3973.75
2022-05-25,29.45,30.74,11264.45,3941.48
2022-05-26,28.37,29.73,11434.74,3978.73
2022-05-27,27.5,29.28,11740.65,4057.84
2022-05-28,25.72,28.02,12131.13,4158.24
2022-05-29,25.72,28.02,12131.13,4158.24
2022-05-30,25.72,28.02,12131.13,4158.24
2022-05-31,26.54,28.02,12131.13,4158.24
2022-06-01,26.19,27.99,12081.39,4132.15
2022-06-02,25.69,27.72,11994.46,4101.23
2022-06-03,24.72,27.06,12316.9,4176.82
2022-06-04,24.79,27.33,12012.73,4108.54
2022-06-05,24.79,27.33,12012.73,4108.54
2022-06-06,24.79,27.33,12012.73,4108.54
2022-06-07,25.07,27.22,12061.37,4121.43
2022-06-08,24.02,26.52,12175.23,4160.68
2022-06-09,23.96,26.54,12086.27,4115.77
2022-06-10,26.09,28.01,11754.23,4017.82
2022-06-11,27.75,29.72,11340.02,3900.86
2022-06-12,27.75,29.72,11340.02,3900.86
2022-06-13,27.75,29.72,11340.02,3900.86
2022-06-14,34.02,34.24,10809.23,3749.63
2022-06-15,32.69,33.28,10828.35,3735.48
2022-06-16,29.62,30.78,11099.15,3789.99
2022-06-17,32.95,33.49,10646.1,3666.77
2022-06-18,31.13,32.36,10798.35,3674.84
2022-06-19,31.13,32.36,10798.35,3674.84
2022-06-20,31.13,32.36,10798.35,3674.84
2022-06-21,31.03,32.36,10798.35,3674.84
2022-06-22,30.19,31.25,11069.3,3764.79
2022-06-23,28.95,30.24,11053.08,3759.89
2022-06-24,29.05,30.19,11232.19,3795.73
2022-06-25,27.23,28.95,11607.62,3911.74
2022-06-26,27.23,28.95,11607.62,3911.74
2022-06-27,27.23,28.95,11607.62,3911.74
2022-06-28,26.95,28.18,11524.55,3900.11
2022-06-29,28.36,29.15,11181.54,3821.55
2022-06-30,28.16,29.0,11177.89,3818.83
2022-07-01,28.71,29.71,11028.74,3785.38
2022-07-02,26.7,28.52,11127.85,3825.33
2022-07-03,26.7,28.52,11127.85,3825.33
2022-07-04,26.7,28.52,11127.85,3825.33
2022-07-05,27.53,28.52,11127.85,3825.33
2022-07-06,27.54,28.9,11322.24,3831.39
2022-07-07,26.73,28.39,11361.85,3845.08
2022-07-08,26.08,28.03,11621.35,3902.62
2022-07-09,24.64,27.3,11635.31,3899.38
2022-07-10,24.64,27.3,11635.31,3899.38
2022-07-11,24.64,27.3,11635.31,3899.38
2022-07-12,26.17,28.25,11372.6,3854.43
2022-07-13,27.29,28.82,11264.73,3818.8
2022-07-14,26.82,28.56,11247.58,3801.78
2022-07-15,26.4,28.61,11251.19,3790.38
2022-07-16,24.23,27.08,11452.42,3863.16
2022-07-17,24.23,27.08,11452.42,3863.16
2022-07-18,24.23,27.08,11452.42,3863.16
2022-07-19,25.3,27.82,11360.05,3830.85
2022-07-20,24.5,27.31,11713.15,3936.69
2022-07-21,23.88,26.7,11897.65,3959.9
2022-07-22,23.11,26.22,12059.61,3998.95
2022-07-23,23.03,25.97,11834.11,3961.63
2022-07-24,23.03,25.97,11834.11,3961.63
2022-07-25,23.03,25.97,11834.11,3961.63
2022-07-26,23.36,25.8,11782.67,3966.84
2022-07-27,24.69,26.42,11562.57,3921.05
2022-07-28,23.24,25.31,12032.42,4023.61
2022-07-29,22.33,24.33,12162.59,4072.43
2022-07-30,21.33,23.79,12390.69,4130.29
2022-07-31,21.33,23.79,12390.69,4130.29
2022-08-01,21.33,23.79,12390.69,4130.29
2022-08-02,22.84,24.86,12368.98,4118.63
2022-08-03,23.93,25.66,12348.76,4091.19
2022-08-04,21.95,24.37,12668.16,4155.17
2022-08-05,21.44,24.32,12720.58,4151.94
2022-08-06,21.15,24.18,12657.55,4145.19
2022-08-07,21.15,24.18,12657.55,4145.19
2022-08-08,21.15,24.18,12657.55,4145.19
2022-08-09,21.29,24.48,12644.46,4140.06
2022-08-10,21.77,24.69,12493.93,4122.47
2022-08-11,19.74,23.46,12854.8,4210.24
2022-08-12,20.2,23.71,12779.91,4207.27
2022-08-13,19.53,23.31,13047.19,4280.15
2022-08-14,19.53,23.31,13047.19,4280.15
2022-08-15,19.53,23.31,13047.19,4280.15
2022-08-16,19.95,23.32,13128.05,4297.14
2022-08-17,19.69,23.32,13102.55,4305.2
2022-08-18,19.9,23.6,12938.12,4274.04
2022-08-19,19.56,23.39,12965.34,4283.74
2022-08-20,20.6,24.32,12705.22,4228.48
2022-08-21,20.6,24.32,12705.22,4228.48
2022-08-22,20.6,24.32,12705.22,4228.48
2022-08-23,23.8,26.0,12381.57,4137.99
2022-08-24,24.11,25.92,12381.3,4128.73
2022-08-25,22.82,24.89,12431.53,4140.77
2022-08-26,21.78,24.13,12639.27,4199.12
2022-08-27,25.56,26.56,12141.71,4057.66
2022-08-28,25.56,26.56,12141.71,4057.66
2022-08-29,25.56,26.56,12141.71,4057.66
2022-08-30,26.21,26.82,12017.67,4030.61
2022-08-31,26.21,26.91,11883.14,3986.16
2022-09-01,25.87,26.65,11816.2,3955.0
2022-09-02,25.56,26.43,11785.13,3966.85
2022-09-03,25.47,26.48,11630.86,3924.26
2022-09-04,25.47,26.48,11630.86,3924.26
2022-09-05,25.47,26.48,11630.86,3924.26
2022-09-06,25.99,26.48,11630.86,3924.26
2022-09-07,26.91,27.59,11544.91,3908.19
2022-09-08,24.64,26.1,11791.9,3979.87
2022-09-09,23.61,25.52,11862.13,4006.18
2022-09-10,22.79,25.14,12112.31,4067.36
2022-09-11,22.79,25.14,12112.31,4067.36
2022-09-12,22.79,25.14,12112.31,4067.36
2022-09-13,23.87,25.37,12266.41,4110.41
2022-09-14,27.27,27.95,11633.57,3932.69
2022-09-15,26.16,27.46,11719.68,3946.01
2022-09-16,26.27,27.6,11552.36,3901.35
2022-09-17,26.3,27.63,11448.4,3873.33
2022-09-18,26.3,27.63,11448.4,3873.33
2022-09-19,26.3,27.63,11448.4,3873.33
2022-09-20,25.76,27.01,11535.02,3899.89
2022-09-21,27.16,27.88,11425.05,3855.93
2022-09-22,27.99,28.76,11220.19,3789.93
2022-09-23,27.35,28.22,11066.81,3757.99
2022-09-24,29.92,30.32,10867.93,3693.23
2022-09-25,29.92,30.32,10867.93,3693.23
2022-09-26,29.92,30.32,10867.93,3693.23
2022-09-27,32.26,31.77,10802.92,3655.04
2022-09-28,32.6,32.12,10829.5,3647.29
2022-09-29,30.18,30.58,11051.64,3719.04
2022-09-30,31.84,31.74,10737.51,3640.47
2022-10-01,31.62,31.86,10575.62,3585.62
2022-10-02,31.62,31.86,10575.62,3585.62
2022-10-03,31.62,31.86,10575.62,3585.62
2022-10-04,30.1,30.69,10815.43,3678.43
2022-10-05,29.07,29.67,11176.41,3790.93
2022-10-06,28.55,29.43,11148.64,3783.28
2022-10-07,30.52,30.79,11073.31,3744.52
2022-10-08,31.36,32.1,10652.4,3639.66
2022-10-09,31.36,32.1,10652.4,3639.66
2022-10-10,31.36,32.1,10652.4,3639.66
2022-10-11,32.45,32.73,10542.1,3612.39
2022-10-12,33.63,33.36,10426.19,3588.84
2022-10-13,33.57,33.13,10417.1,3577.03
2022-10-14,31.94,31.8,10649.15,3669.91
2022-10-15,32.02,32.45,10321.39,3583.07
2022-10-16,32.02,32.45,10321.39,3583.07
2022-10-17,32.02,32.45,10321.39,3583.07
2022-10-18,31.37,31.74,10675.8,3677.95
2022-10-19,30.5,30.98,10772.4,3719.98
2022-10-20,30.76,31.35,10680.51,3695.16
2022-10-21,29.98,30.81,10614.84,3665.78
2022-10-22,29.69,30.47,10859.72,3752.75
2022-10-23,29.69,30.47,10859.72,3752.75
2022-10-24,29.69,30.47,10859.72,3752.75
2022-10-25,29.85,30.33,10952.61,3797.34
2022-10-26,28.46,29.29,11199.12,3859.11
2022-10-27,27.28,28.46,10970.99,3830.6
2022-10-28,27.39,28.28,10792.67,3807.3
2022-10-29,25.75,26.9,11102.45,3901.06
2022-10-30,25.75,26.9,11102.45,3901.06
2022-10-31,25.75,26.9,11102.45,3901.06
2022-11-01,25.88,26.92,10988.15,3871.98
2022-11-02,25.81,26.69,10890.85,3856.1
2022-11-03,25.86,27.22,10524.8,3759.69
2022-11-04,25.3,26.7,10342.94,3719.89
2022-11-05,24.55,26.39,10475.25,3770.55
2022-11-06,24.55,26.39,10475.25,3770.55
2022-11-07,24.55,26.39,10475.25,3770.55
2022-11-08,24.35,26.26,10564.52,3806.8
2022-11-09,25.54,27.1,10616.2,3828.11
2022-11-10,26.09,27.91,10353.17,3748.57
2022-11-11,23.53,26.18,11114.15,3956.37
2022-11-12,22.52,25.74,11323.33,3992.93
2022-11-13,22.52,25.74,11323.33,3992.93
2022-11-14,22.52,25.74,11323.33,3992.93
2022-11-15,23.73,26.13,11196.22,3957.25
2022-11-16,24.54,26.59,11358.41,3991.73
2022-11-17,24.11,26.03,11183.66,3958.79
2022-11-18,23.93,25.83,11144.96,3946.56
2022-11-19,23.12,25.33,11146.06,3965.34
2022-11-20,23.12,25.33,11146.06,3965.34
2022-11-21,23.12,25.33,11146.06,3965.34
2022-11-22,22.36,24.72,11024.51,3949.94
2022-11-23,21.29,23.83,11174.41,4003.58
2022-11-24,20.35,23.38,11285.32,4027.26
2022-11-25,20.42,23.38,11285.32,4027.26
2022-11-26,20.5,23.59,11226.36,4026.12
2022-11-27,20.5,23.59,11226.36,4026.12
2022-11-28,20.5,23.59,11226.36,4026.12
2022-11-29,22.21,24.9,11049.5,3963.94
2022-11-30,21.89,24.65,10983.78,3957.63
2022-12-01,20.58,23.53,11468.0,4080.11
2022-12-02,19.84,23.31,11482.45,4076.57
2022-12-03,19.06,22.96,11461.5,4071.7
2022-12-04,19.06,22.96,11461.5,4071.7
2022-12-05,19.06,22.96,11461.5,4071.7
2022-12-06,20.75,23.89,11239.94,3998.84
2022-12-07,22.17,24.72,11014.89,3941.26
2022-12-08,22.68,25.18,10958.55,3933.92
2022-12-09,22.29,24.73,11082.0,3963.51
2022-12-10,22.83,25.21,11004.62,3934.38
2022-12-11,22.83,25.21,11004.62,3934.38
2022-12-12,22.83,25.21,11004.62,3934.38
2022-12-13,25.0,25.67,11143.74,3990.56
2022-12-14,22.55,24.29,11256.81,4019.65
2022-12-15,21.14,23.46,11170.89,3995.32
2022-12-16,22.83,25.08,10810.53,3895.75
2022-12-17,22.62,25.15,10705.41,3852.36
2022-12-18,22.62,25.15,10705.41,3852.36
2022-12-19,22.62,25.15,10705.41,3852.36
2022-12-20,22.42,25.08,10546.03,3817.66
2022-12-21,21.48,24.4,10547.11,3821.62
2022-12-22,20.07,23.35,10709.37,3878.44
2022-12-23,21.97,24.78,10476.12,3822.39
2022-12-24,20.87,24.13,10497.86,3844.82
2022-12-25,20.87,24.13,10497.86,3844.82
2022-12-26,20.87,24.13,10497.86,3844.82
2022-12-27,20.87,24.13,10497.86,3844.82
2022-12-28,21.65,24.43,10353.23,3829.25
2022-12-29,22.14,24.58,10213.29,3783.22
2022-12-30,21.44,23.95,10478.09,3849.28
2022-12-31,21.67,24.29,10466.48,3839.5
2023-01-01,21.67,24.29,10466.48,3839.5
2023-01-02,21.67,24.29,10466.48,3839.5
2023-01-03,21.67,24.29,10466.48,3839.5
2023-01-04,22.9,24.58,10386.98,3824.14
2023-01-05,22.01,23.81,10458.76,3852.97
2023-01-06,22.46,24.07,10305.24,3808.1
2023-01-07,21.13,23.18,10569.29,3895.08
2023-01-08,21.13,23.18,10569.29,3895.08
2023-01-09,21.13,23.18,10569.29,3895.08
2023-01-10,21.97,23.74,10635.65,3892.09
2023-01-11,20.58,22.74,10742.63,3919.25
2023-01-12,21.09,22.74,10931.67,3969.61
2023-01-13,18.83,21.58,11001.1,3983.17
2023-01-14,18.35,21.14,11079.16,3999.09
2023-01-15,18.35,21.14,11079.16,3999.09
2023-01-16,18.35,21.14,11079.16,3999.09
2023-01-17,19.49,21.14,11079.16,3999.09
2023-01-18,19.36,21.45,11095.11,3990.97
2023-01-19,20.34,22.27,10957.01,3928.86
2023-01-20,20.52,22.45,10852.27,3898.85
2023-01-21,19.85,21.72,11140.43,3972.61
2023-01-22,19.85,21.72,11140.43,3972.61
2023-01-23,19.85,21.72,11140.43,3972.61
2023-01-24,19.81,21.6,11364.41,4019.81
2023-01-25,19.2,20.91,11334.27,4016.95
2023-01-26,19.08,20.94,11313.36,4016.22
2023-01-27,18.73,20.7,11512.41,4060.43
2023-01-28,18.51,20.47,11621.71,4070.56
2023-01-29,18.51,20.47,11621.71,4070.56
2023-01-30,18.51,20.47,11621.71,4070.56
2023-01-31,19.94,21.37,11393.81,4017.77
2023-02-01,19.4,20.81,11584.55,4076.6
2023-02-02,17.87,19.97,11816.32,4119.21
2023-02-03,18.73,20.84,12200.82,4179.76
2023-02-04,18.33,20.78,12006.95,4136.48
2023-02-05,18.33,20.78,12006.95,4136.48
2023-02-06,18.33,20.78,12006.95,4136.48
2023-02-07,19.43,21.43,11887.45,4111.08
2023-02-08,18.66,20.78,12113.79,4164.0
2023-02-09,19.63,21.82,11910.52,4117.86
2023-02-10,20.71,22.5,11789.58,4081.5
2023-02-11,20.53,22.55,11718.12,4090.46
2023-02-12,20.53,22.55,11718.12,4090.46
2023-02-13,20.53,22.55,11718.12,4090.46
2023-02-14,20.34,21.97,11891.79,4137.29
2023-02-15,18.91,21.14,11960.15,4136.13
2023-02-16,18.23,20.68,12070.59,4147.6
2023-02-17,20.17,21.88,11855.83,4090.41
2023-02-18,20.02,21.77,11787.27,4079.09
2023-02-19,20.02,21.77,11787.27,4079.09
2023-02-20,20.02,21.77,11787.27,4079.09
2023-02-21,21.23,21.77,11787.27,4079.09
2023-02-22,22.87,23.38,11492.3,3997.34
2023-02-23,22.29,22.68,11507.07,3991.05
2023-02-24,21.14,21.74,11590.4,4012.32
2023-02-25,21.67,22.43,11394.94,3970.04
2023-02-26,21.67,22.43,11394.94,3970.04
2023-02-27,21.67,22.43,11394.94,3970.04
2023-02-28,20.95,21.59,11466.98,3982.24
2023-03-01,20.7,21.32,11455.54,3970.15
2023-03-02,20.58,21.36,11379.48,3951.39
2023-03-03,19.59,20.63,11462.98,3981.35
2023-03-04,18.49,19.98,11689.01,4045.64
2023-03-05,18.49,19.98,11689.01,4045.64
2023-03-06,18.49,19.98,11689.01,4045.64
2023-03-07,18.61,19.99,11675.74,4048.42
2023-03-08,19.59,20.59,11530.33,3986.37
2023-03-09,19.11,20.19,11576.0,3992.01
2023-03-10,22.61,22.87,11338.35,3918.32
2023-03-11,24.8,25.39,11138.89,3861.59
2023-03-12,24.8,25.39,11138.89,3861.59
2023-03-13,24.8,25.39,11138.89,3861.59
2023-03-14,26.52,26.64,11188.84,3855.76
2023-03-15,23.73,24.87,11428.15,3919.29
2023-03-16,26.14,27.2,11434.05,3891.93
2023-03-17,22.99,24.56,11717.28,3960.28
2023-03-18,25.51,27.42,11630.51,3916.64
2023-03-19,25.51,27.42,11630.51,3916.64
2023-03-20,25.51,27.42,11630.51,3916.64
2023-03-21,24.15,25.85,11675.54,3951.57
2023-03-22,21.38,23.57,11860.11,4002.87
2023-03-23,22.26,24.38,11669.96,3936.97
2023-03-24,22.61,24.53,11787.4,3948.72
2023-03-25,21.74,23.96,11823.96,3970.99
2023-03-26,21.74,23.96,11823.96,3970.99
2023-03-27,21.74,23.96,11823.96,3970.99
2023-03-28,20.6,22.87,11768.84,3977.53
2023-03-29,19.97,22.38,11716.08,3971.27
2023-03-30,19.12,21.49,11926.24,4027.81
2023-03-31,19.02,21.45,12013.47,4050.83
2023-04-01,18.7,21.23,12221.91,4109.31
2023-04-02,18.7,21.23,12221.91,4109.31
2023-04-03,18.7,21.23,12221.91,4109.31
2023-04-04,18.55,20.83,12189.45,4124.51
2023-04-05,19.0,21.34,12126.33,4100.6
2023-04-06,19.08,21.48,11996.86,4090.38
2023-04-07,18.4,21.0,12087.96,4105.02
2023-04-08,18.4,21.0,12087.96,4105.02
2023-04-09,18.4,21.0,12087.96,4105.02
2023-04-10,18.4,21.0,12087.96,4105.02
2023-04-11,18.97,21.07,12084.36,4109.11
2023-04-12,19.1,21.01,12031.88,4108.94
2023-04-13,19.09,21.05,11929.34,4091.95
2023-04-14,17.8,20.26,12166.27,4146.22
2023-04-15,17.07,20.03,12123.47,4137.64
2023-04-16,17.07,20.03,12123.47,4137.64
2023-04-17,17.07,20.03,12123.47,4137.64
2023-04-18,16.95,19.65,12157.72,4151.32
2023-04-19,16.83,19.82,12153.41,4154.87
2023-04-20,16.46,20.02,12157.23,4154.52
2023-04-21,17.17,20.55,12059.56,4129.79
2023-04-22,16.77,20.39,12072.46,4133.52
2023-04-23,16.77,20.39,12072.46,4133.52
2023-04-24,16.77,20.39,12072.46,4133.52
2023-04-25,16.89,20.4,12037.2,4137.04
2023-04-26,18.76,21.65,11799.16,4071.63
2023-04-27,18.84,21.54,11854.35,4055.99
2023-04-28,17.03,20.37,12142.24,4135.35
2023-04-29,15.78,19.54,12226.58,4169.48
2023-04-30,15.78,19.54,12226.58,4169.48
2023-05-01,15.78,19.54,12226.58,4169.48
2023-05-02,16.08,19.67,12212.6,4167.87
2023-05-03,17.78,20.75,12080.51,4119.58
2023-05-04,18.34,21.29,12025.33,4090.75
2023-05-05,20.09,22.77,11966.4,4061.22
2023-05-06,17.19,20.78,12235.41,4136.25
2023-05-07,17.19,20.78,12235.41,4136.25
2023-05-08,17.19,20.78,12235.41,4136.25
2023-05-09,16.98,20.71,12256.92,4138.12
2023-05-10,17.71,21.17,12179.55,4119.17
2023-05-11,16.94,20.69,12306.44,4137.64
2023-05-12,16.93,20.62,12328.51,4130.62
2023-05-13,17.03,20.66,12284.74,4124.08
2023-05-14,17.03,20.66,12284.74,4124.08
2023-05-15,17.03,20.66,12284.74,4124.08
2023-05-16,17.12,20.31,12365.21,4136.28
2023-05-17,17.99,20.9,12343.05,4109.9
2023-05-18,16.87,20.05,12500.57,4158.77
2023-05-19,16.05,19.33,12688.84,4198.05
2023-05-20,16.81,20.04,12657.9,4191.98
2023-05-21,16.81,20.04,12657.9,4191.98
2023-05-22,16.81,20.04,12657.9,4191.98
2023-05-23,17.21,20.36,12720.78,4192.63
2023-05-24,18.53,21.06,12560.25,4145.58
2023-05-25,20.03,22.02,12484.16,4115.24
2023-05-26,19.14,21.38,12698.09,4151.28
2023-05-27,17.95,20.44,12975.69,4205.45
2023-05-28,17.95,20.44,12975.69,4205.45
2023-05-29,17.95,20.44,12975.69,4205.45
2023-05-30,17.46,20.44,12975.69,4205.45
2023-05-31,17.46,20.13,13017.43,4205.52
2023-06-01,17.94,20.21,12935.29,4179.83
2023-06-02,15.65,18.75,13100.98,4221.02
2023-06-03,14.6,17.92,13240.77,4282.37
2023-06-04,14.6,17.92,13240.77,4282.37
2023-06-05,14.6,17.92,13240.77,4282.37
2023-06-06,14.73,17.9,13229.43,4273.79
2023-06-07,13.96,17.04,13276.42,4283.85
2023-06-08,13.94,17.14,13104.89,4267.52
2023-06-09,13.65,16.86,13238.52,4293.93
2023-06-10,13.83,16.96,13259.14,4298.86
2023-06-11,13.83,16.96,13259.14,4298.86
2023-06-12,13.83,16.96,13259.14,4298.86
2023-06-13,15.01,17.28,13461.92,4338.93
2023-06-14,14.61,17.23,13573.32,4369.01
2023-06-15,13.88,16.86,13626.48,4372.59
2023-06-16,14.5,17.18,13782.82,4425.84
2023-06-17,13.54,16.75,13689.57,4409.59
2023-06-18,13.54,16.75,13689.57,4409.59
2023-06-19,13.54,16.75,13689.57,4409.59
2023-06-20,14.19,16.75,13689.57,4409.59
2023-06-21,13.88,17.3,13667.29,4388.71
2023-06-22,13.2,16.89,13502.2,4365.69
2023-06-23,12.91,16.56,13630.61,4381.89
2023-06-24,13.44,16.87,13492.52,4348.33
2023-06-25,13.44,16.87,13492.52,4348.33
2023-06-26,13.44,16.87,13492.52,4348.33
2023-06-27,14.25,17.05,13335.78,4328.82
2023-06-28,13.74,16.44,13555.67,4378.41
2023-06-29,13.43,15.9,13591.75,4376.86
2023-06-30,13.54,16.1,13591.33,4396.44
2023-07-01,13.59,16.02,13787.92,4450.38
2023-07-02,13.59,16.02,13787.92,4450.38
2023-07-03,13.59,16.02,13787.92,4450.38
2023-07-04,13.57,16.07,13816.77,4455.59
2023-07-05,13.7,16.07,13816.77,4455.59
2023-07-06,14.18,16.51,13791.65,4446.82
2023-07-07,15.44,17.52,13679.04,4411.59
2023-07-08,14.83,17.24,13660.72,4398.95
2023-07-09,14.83,17.24,13660.72,4398.95
2023-07-10,14.83,17.24,13660.72,4398.95
2023-07-11,15.07,17.25,13685.48,4409.53
2023-07-12,14.84,16.97,13760.7,4439.26
2023-07-13,13.54,16.11,13918.96,4472.16
2023-07-14,13.61,16.12,14138.57,4510.04
2023-07-15,13.34,16.04,14113.7,4505.42
2023-07-16,13.34,16.04,14113.7,4505.42
2023-07-17,13.34,16.04,14113.7,4505.42
2023-07-18,13.48,16.27,14244.95,4522.79
2023-07-19,13.3,16.13,14353.64,4554.98
2023-07-20,13.76,16.56,14358.02,4565.72
2023-07-21,13.99,16.66,14063.31,4534.87
2023-07-22,13.6,16.4,14032.81,4536.34
2023-07-23,13.6,16.4,14032.81,4536.34
2023-07-24,13.6,16.4,14032.81,4536.34
2023-07-25,13.91,16.26,14058.87,4554.64
2023-07-26,13.86,16.22,14144.56,4567.46
2023-07-27,13.19,15.79,14127.28,4566.75
2023-07-28,14.41,16.63,14050.11,4537.41
2023-07-29,13.33,15.92,14316.66,4582.23
2023-07-30,13.33,15.92,14316.66,4582.23
2023-07-31,13.33,15.92,14316.66,4582.23
2023-08-01,13.63,16.01,14346.02,4588.96
2023-08-02,13.93,16.34,14283.91,4576.73
2023-08-03,16.09,17.96,13973.45,4513.39
2023-08-04,15.92,17.72,13959.72,4501.89
2023-08-05,17.1,18.61,13892.07,4478.03
2023-08-06,17.1,18.61,13892.07,4478.03
2023-08-07,17.1,18.61,13892.07,4478.03
2023-08-08,15.77,17.72,13977.12,4518.44
2023-08-09,15.99,18.13,13867.19,4499.38
2023-08-10,15.96,18.05,13705.08,4467.71
2023-08-11,15.85,18.16,13721.03,4468.83
2023-08-12,14.84,17.56,13644.85,4464.05
2023-08-13,14.84,17.56,13644.85,4464.05
2023-08-14,14.84,17.56,13644.85,4464.05
2023-08-15,14.82,17.41,13788.33,4489.72
2023-08-16,16.46,18.59,13631.05,4437.86
2023-08-17,16.78,18.97,13474.63,4404.33
2023-08-18,17.89,19.83,13316.93,4370.36
2023-08-19,17.3,19.24,13290.78,4369.71
2023-08-20,17.3,19.24,13290.78,4369.71
2023-08-21,17.3,19.24,13290.78,4369.71
2023-08-22,17.13,18.77,13497.59,4399.77
2023-08-23,16.97,18.72,13505.87,4387.55
2023-08-24,15.98,17.94,13721.03,4436.01
2023-08-25,17.2,18.75,13463.97,4376.31
2023-08-26,15.68,17.72,13590.65,4405.71
2023-08-27,15.68,17.72,13590.65,4405.71
2023-08-28,15.68,17.72,13590.65,4405.71
2023-08-29,15.08,17.12,13705.13,4433.31
2023-08-30,14.45,16.56,13943.76,4497.63
2023-08-31,13.88,16.18,14019.31,4514.87
2023-09-01,13.57,15.92,14034.97,4507.66
2023-09-02,13.09,15.74,14031.81,4515.77
2023-09-03,13.09,15.74,14031.81,4515.77
2023-09-04,13.09,15.74,14031.81,4515.77
2023-09-05,13.82,15.74,14031.81,4515.77
2023-09-06,14.01,16.24,14020.95,4496.83
2023-09-07,14.45,16.61,13872.47,4465.48
2023-09-08,14.4,16.58,13748.83,4451.14
2023-09-09,13.84,16.14,13761.53,4457.49
2023-09-10,13.84,16.14,13761.53,4457.49
2023-09-11,13.84,16.14,13761.53,4457.49
2023-09-12,13.8,16.02,13917.91,4487.46
2023-09-13,14.23,16.25,13773.63,4461.9
2023-09-14,13.48,15.92,13813.59,4467.44
2023-09-15,12.82,15.34,13926.05,4505.1
2023-09-16,13.79,16.02,13708.33,4450.32
2023-09-17,13.79,16.02,13708.33,4450.32
2023-09-18,13.79,16.02,13708.33,4450.32
2023-09-19,14.0,16.13,13710.24,4453.53
2023-09-20,14.11,16.13,13678.19,4443.95
2023-09-21,15.14,16.81,13469.13,4402.2
2023-09-22,17.54,18.24,13223.98,4330.0
2023-09-23,17.2,18.09,13211.81,4320.06
2023-09-24,17.2,18.09,13211.81,4320.06
2023-09-25,17.2,18.09,13211.81,4320.06
2023-09-26,16.9,18.02,13271.32,4337.44
2023-09-27,18.94,19.72,13063.61,4273.53
2023-09-28,18.22,19.11,13092.85,4274.51
2023-09-29,17.34,18.38,13201.28,4299.7
2023-09-30,17.52,18.51,13219.32,4288.05
2023-10-01,17.52,18.51,13219.32,4288.05
2023-10-02,17.52,18.51,13219.32,4288.05
2023-10-03,17.61,18.62,13307.77,4288.39
2023-10-04,19.78,20.41,13059.47,4229.45
2023-10-05,18.58,19.52,13236.01,4263.75
2023-10-06,18.49,19.5,13219.83,4258.19
2023-10-07,17.45,18.73,13431.34,4308.5
2023-10-08,17.45,18.73,13431.34,4308.5
2023-10-09,17.45,18.73,13431.34,4308.5
2023-10-10,17.7,18.81,13484.24,4335.66
2023-10-11,17.03,18.27,13562.84,4358.24
2023-10-12,16.09,17.63,13659.68,4376.95
2023-10-13,16.69,18.09,13574.22,4349.61
2023-10-14,19.32,20.57,13407.23,4327.78
2023-10-15,19.32,20.57,13407.23,4327.78
2023-10-16,19.32,20.57,13407.23,4327.78
2023-10-17,17.21,18.79,13567.98,4373.63
2023-10-18,17.88,19.26,13533.75,4373.2
2023-10-19,19.22,20.47,13314.3,4314.6
2023-10-20,21.4,22.19,13186.18,4278.0
2023-10-21,21.71,22.44,12983.81,4224.16
2023-10-22,21.71,22.44,12983.81,4224.16
2023-10-23,21.71,22.44,12983.81,4224.16
2023-10-24,20.37,21.33,13018.33,4217.04
2023-10-25,18.97,20.21,13139.87,4247.68
2023-10-26,20.19,21.33,12821.22,4186.77
2023-10-27,20.68,21.57,12595.61,4137.23
2023-10-28,21.27,22.27,12643.01,4117.37
2023-10-29,21.27,22.27,12643.01,4117.37
2023-10-30,21.27,22.27,12643.01,4117.37
2023-10-31,19.75,20.8,12789.48,4166.82
2023-11-01,18.14,19.49,12851.24,4193.8
2023-11-02,16.87,18.55,13061.47,4237.86
2023-11-03,15.66,17.8,13294.19,4317.78
2023-11-04,14.91,17.22,13478.28,4358.34
2023-11-05,14.91,17.22,13478.28,4358.34
2023-11-06,14.91,17.22,13478.28,4358.34
2023-11-07,14.89,17.03,13518.78,4365.98
2023-11-08,14.81,16.92,13639.86,4378.38
2023-11-09,14.45,16.64,13650.41,4382.78
2023-11-10,15.29,17.3,13521.45,4347.35
2023-11-11,14.17,16.52,13798.11,4415.24
2023-11-12,14.17,16.52,13798.11,4415.24
2023-11-13,14.17,16.52,13798.11,4415.24
2023-11-14,14.76,16.61,13767.74,4411.55
2023-11-15,14.16,16.29,14094.38,4495.7
2023-11-16,14.18,16.28,14103.84,4502.88
2023-11-17,14.32,16.14,14113.67,4508.24
2023-11-18,13.8,15.85,14125.48,4514.02
2023-11-19,13.8,15.85,14125.48,4514.02
2023-11-20,13.8,15.85,14125.48,4514.02
2023-11-21,13.41,15.69,14284.53,4547.38
2023-11-22,13.35,15.5,14199.98,4538.19
2023-11-23,12.85,15.48,14265.86,4556.62
2023-11-24,12.8,15.48,14265.86,4556.62
2023-11-25,12.46,15.12,14250.85,4559.34
2023-11-26,12.46,15.12,14250.85,4559.34
2023-11-27,12.46,15.12,14250.85,4559.34
2023-11-28,12.69,15.34,14241.02,4550.43
2023-11-29,12.69,15.24,14281.76,4554.89
2023-11-30,12.98,15.51,14258.49,4550.58
2023-12-01,12.92,15.44,14226.22,4567.8
2023-12-02,12.63,15.36,14305.03,4594.63
2023-12-03,12.63,15.36,14305.03,4594.63
2023-12-04,12.63,15.36,14305.03,4594.63
2023-12-05,13.08,15.68,14185.49,4569.78
2023-12-06,12.85,15.57,14229.91,4567.18
2023-12-07,12.97,15.74,14146.71,4549.34
2023-12-08,13.06,15.65,14339.99,4585.59
2023-12-09,12.35,15.16,14403.97,4604.37
2023-12-10,12.35,15.16,14403.97,4604.37
2023-12-11,12.35,15.16,14403.97,4604.37
2023-12-12,12.63,15.19,14432.49,4622.44
2023-12-13,12.07,14.83,14533.4,4643.7
2023-12-14,12.19,14.66,14733.96,4707.09
2023-12-15,12.48,14.79,14761.56,4719.55
2023-12-16,12.28,15.13,14813.92,4719.19
2023-12-17,12.28,15.13,14813.92,4719.19
2023-12-18,12.28,15.13,14813.92,4719.19
2023-12-19,12.56,15.47,14905.19,4740.56
2023-12-20,12.53,15.64,15003.22,4768.37
2023-12-21,13.67,16.58,14777.94,4698.35
2023-12-22,13.65,16.3,14963.87,4746.75
2023-12-23,13.03,15.99,14992.97,4754.63
2023-12-24,13.03,15.99,14992.97,4754.63
2023-12-25,13.03,15.99,14992.97,4754.63
2023-12-26,13.03,15.99,14992.97,4754.63
2023-12-27,12.99,15.88,15074.57,4774.75
2023-12-28,12.43,15.27,15099.18,4781.58
2023-12-29,12.47,15.23,15095.14,4783.35
2023-12-30,12.45,15.26,15011.35,4769.83
2023-12-31,12.45,15.26,15011.35,4769.83
2024-01-01,12.45,15.26,15011.35,4769.83
2024-01-02,12.45,15.26,15011.35,4769.83
2024-01-03,13.2,15.48,14765.94,4742.83
2024-01-04,14.04,16.04,14592.21,4704.81
2024-01-05,14.13,16.04,14510.3,4688.68
2024-01-06,13.35,15.51,14524.07,4697.24
2024-01-07,13.35,15.51,14524.07,4697.24
2024-01-08,13.35,15.51,14524.07,4697.24
2024-01-09,13.08,15.14,14843.77,4763.54
2024-01-10,12.76,14.9,14857.71,4756.5
2024-01-11,12.69,14.73,14969.65,4783.45
2024-01-12,12.44,14.56,14970.19,4780.24
2024-01-13,12.7,14.94,14972.76,4783.83
2024-01-14,12.7,14.94,14972.76,4783.83
2024-01-15,12.7,14.94,14972.76,4783.83
2024-01-16,13.25,14.94,14972.76,4783.83
2024-01-17,13.84,15.74,14944.35,4765.98
2024-01-18,14.79,16.38,14855.62,4739.21
2024-01-19,14.13,15.84,15055.65,4780.94
2024-01-20,13.3,15.26,15310.97,4839.81
2024-01-21,13.3,15.26,15310.97,4839.81
2024-01-22,13.3,15.26,15310.97,4839.81
2024-01-23,13.19,14.97,15360.29,4850.43
2024-01-24,12.55,14.52,15425.94,4864.6
2024-01-25,13.14,14.97,15481.92,4868.55
2024-01-26,13.45,15.1,15510.5,4894.16
2024-01-27,13.26,15.03,15455.36,4890.97
2024-01-28,13.26,15.03,15455.36,4890.97
2024-01-29,13.26,15.03,15455.36,4890.97
2024-01-30,13.6,15.22,15628.04,4927.93
2024-01-31,13.31,15.14,15509.9,4924.97
2024-02-01,14.35,15.96,15164.01,4845.65
2024-02-02,13.88,15.5,15361.64,4906.19
2024-02-03,13.85,15.61,15628.95,4958.61
2024-02-04,13.85,15.61,15628.95,4958.61
2024-02-05,13.85,15.61,15628.95,4958.61
2024-02-06,13.67,15.33,15597.68,4942.81
2024-02-07,13.06,14.99,15609.0,4954.23
2024-02-08,12.83,14.85,15756.64,4995.06
2024-02-09,12.79,14.93,15793.71,4997.91
2024-02-10,12.93,15.08,15990.66,5026.61
2024-02-11,12.93,15.08,15990.66,5026.61
2024-02-12,12.93,15.08,15990.66,5026.61
2024-02-13,13.93,15.67,15942.55,5021.84
2024-02-14,15.85,16.82,15655.6,4953.17
2024-02-15,14.38,15.93,15859.15,5000.62
2024-02-16,14.01,15.76,15906.17,5029.73
2024-02-17,14.24,15.86,15775.65,5005.57
2024-02-18,14.24,15.86,15775.65,5005.57
2024-02-19,14.24,15.86,15775.65,5005.57
2024-02-20,14.71,15.86,15775.65,5005.57
2024-02-21,15.42,16.41,15630.78,4975.51
2024-02-22,15.34,16.23,15580.87,4981.8
2024-02-23,14.54,15.77,16041.62,5087.03
2024-02-24,13.75,15.25,15996.82,5088.8
2024-02-25,13.75,15.25,15996.82,5088.8
2024-02-26,13.75,15.25,15996.82,5088.8
2024-02-27,13.74,15.22,15976.25,5069.53
2024-02-28,13.43,14.89,16035.3,5078.18
2024-02-29,13.84,15.22,15947.74,5069.76
2024-03-01,13.4,14.93,16091.92,5096.27
2024-03-02,13.11,14.93,16274.94,5137.08
2024-03-03,13.11,14.93,16274.94,5137.08
2024-03-04,13.11,14.93,16274.94,5137.08
2024-03-05,13.49,15.23,16207.51,5130.95
2024-03-06,14.46,15.91,15939.59,5078.65
2024-03-07,14.5,15.97,16031.54,5104.76
2024-03-08,14.44,15.91,16273.38,5157.36
2024-03-09,14.74,16.3,16085.11,5123.69
2024-03-10,14.74,16.3,16085.11,5123.69
2024-03-11,14.74,16.3,16085.11,5123.69
2024-03-12,15.22,16.46,16019.27,5117.94
2024-03-13,13.84,15.66,16265.64,5175.27
2024-03-14,13.75,15.6,16177.77,5165.31
2024-03-15,14.4,16.12,16128.53,5150.48
2024-03-16,14.41,16.41,15973.17,5117.09
2024-03-17,14.41,16.41,15973.17,5117.09
2024-03-18,14.41,16.41,15973.17,5117.09
2024-03-19,14.33,16.22,16103.45,5149.42
2024-03-20,13.82,15.77,16166.79,5178.51
2024-03-21,13.04,15.28,16369.41,5224.62
2024-03-22,12.92,15.18,16401.84,5241.53
2024-03-23,13.06,15.3,16428.82,5234.18
2024-03-24,13.06,15.3,16428.82,5234.18
2024-03-25,13.06,15.3,16428.82,5234.18
2024-03-26,13.19,15.38,16384.47,5218.19
2024-03-27,13.24,15.29,16315.7,5203.58
2024-03-28,12.78,15.01,16399.52,5248.49
2024-03-29,13.01,15.19,16379.46,5254.35
2024-03-30,13.01,15.19,16379.46,5254.35
2024-03-31,13.01,15.19,16379.46,5254.35
2024-04-01,13.01,15.19,16379.46,5254.35
2024-04-02,13.65,15.52,16396.83,5243.77
2024-04-03,14.61,16.09,16240.45,5205.81
2024-04-04,14.33,15.91,16277.46,5211.49
2024-04-05,16.35,17.16,16049.08,5147.21
2024-04-06,16.03,17.18,16248.52,5204.34
2024-04-07,16.03,17.18,16248.52,5204.34
2024-04-08,16.03,17.18,16248.52,5204.34
2024-04-09,15.19,16.56,16253.96,5202.39
2024-04-10,14.98,16.42,16306.64,5209.91
2024-04-11,15.8,17.04,16170.36,5160.64
2024-04-12,14.91,16.49,16442.2,5199.06
2024-04-13,17.31,18.2,16175.09,5123.41
2024-04-14,17.31,18.2,16175.09,5123.41
2024-04-15,17.31,18.2,16175.09,5123.41
2024-04-16,19.23,19.55,15885.02,5061.82
2024-04-17,18.4,18.84,15865.25,5051.41
2024-04-18,18.21,18.77,15683.37,5022.21
2024-04-19,18.0,18.66,15601.5,5011.12
2024-04-20,18.71,19.25,15282.01,4967.23
2024-04-21,18.71,19.25,15282.01,4967.23
2024-04-22,18.71,19.25,15282.01,4967.23
2024-04-23,16.94,17.63,15451.31,5010.6
2024-04-24,15.69,16.68,15696.64,5070.55
2024-04-25,15.97,16.84,15712.75,5071.63
2024-04-26,15.37,16.37,15611.76,5048.42
2024-04-27,15.03,16.27,15927.9,5099.96
2024-04-28,15.03,16.27,15927.9,5099.96
2024-04-29,15.03,16.27,15927.9,5099.96
2024-04-30,14.67,16.0,15983.08,5116.17
2024-05-01,15.65,16.59,15657.82,5035.69
2024-05-02,15.39,16.57,15605.48,5018.39
2024-05-03,14.68,16.05,15840.96,5064.2
2024-05-04,13.49,15.27,16156.33,5127.79
2024-05-05,13.49,15.27,16156.33,5127.79
2024-05-06,13.49,15.27,16156.33,5127.79
2024-05-07,13.49,15.02,16349.25,5180.74
2024-05-08,13.23,14.95,16332.56,5187.7
2024-05-09,13.0,14.9,16302.76,5187.67
2024-05-10,12.69,14.71,16346.26,5214.08
2024-05-11,12.55,14.66,16340.87,5222.68
2024-05-12,12.55,14.66,16340.87,5222.68
2024-05-13,12.55,14.66,16340.87,5222.68
2024-05-14,13.6,14.89,16388.24,5221.42
2024-05-15,13.42,14.7,16511.18,5246.68
2024-05-16,12.45,14.08,16742.39,5308.15
2024-05-17,12.42,14.22,16698.32,5297.1
2024-05-18,11.99,13.99,16685.97,5303.27
2024-05-19,11.99,13.99,16685.97,5303.27
2024-05-20,11.99,13.99,16685.97,5303.27
2024-05-21,12.15,14.11,16794.87,5308.13
2024-05-22,11.86,13.95,16832.62,5321.41
2024-05-23,12.29,14.31,16801.54,5307.01
2024-05-24,12.77,14.67,16736.03,5267.84
2024-05-25,11.93,14.17,16920.79,5304.72
2024-05-26,11.93,14.17,16920.79,5304.72
2024-05-27,11.93,14.17,16920.79,5304.72
2024-05-28,12.36,14.17,16920.79,5304.72
2024-05-29,12.92,14.72,17019.88,5306.04
2024-05-30,14.28,15.45,16920.58,5266.95
2024-05-31,14.47,15.59,16737.08,5235.48
2024-06-01,12.92,14.66,16735.02,5277.51
2024-06-02,12.92,14.66,16735.02,5277.51
2024-06-03,12.92,14.66,16735.02,5277.51
2024-06-04,13.11,14.8,16828.67,5283.4
2024-06-05,13.16,14.88,16857.05,5291.34
2024-06-06,12.63,14.54,17187.9,5354.03
2024-06-07,12.58,14.54,17173.12,5352.96
2024-06-08,12.22,14.41,17133.13,5346.99
2024-06-09,12.22,14.41,17133.13,5346.99
2024-06-10,12.22,14.41,17133.13,5346.99
2024-06-11,12.74,14.6,17192.53,5360.79
2024-06-12,12.85,14.49,17343.55,5375.32
2024-06-13,12.04,14.12,17608.44,5421.03
2024-06-14,11.94,14.17,17667.56,5433.74
2024-06-15,12.66,14.84,17688.88,5431.6
2024-06-16,12.66,14.84,17688.88,5431.6
2024-06-17,12.66,14.84,17688.88,5431.6
2024-06-18,12.75,14.79,17857.02,5473.23
2024-06-19,12.3,14.69,17862.23,5487.03
2024-06-20,12.48,14.69,17862.23,5487.03
2024-06-21,13.28,15.41,17721.59,5473.17
2024-06-22,13.2,15.17,17689.36,5464.62
2024-06-23,13.2,15.17,17689.36,5464.62
2024-06-24,13.2,15.17,17689.36,5464.62
2024-06-25,13.33,15.23,17496.82,5447.87
2024-06-26,12.84,14.86,17717.65,5469.3
2024-06-27,12.55,14.71,17805.16,5477.9
2024-06-28,12.24,14.42,17858.68,5482.87
2024-06-29,12.44,14.52,17732.6,5460.48
2024-06-30,12.44,14.52,17732.6,5460.48
2024-07-01,12.44,14.52,17732.6,5460.48
2024-07-02,12.22,14.19,17879.3,5475.09
2024-07-03,12.03,14.01,18028.76,5509.01
2024-07-04,12.09,14.02,18188.3,5537.02
2024-07-05,12.26,14.02,18188.3,5537.02
2024-07-06,12.48,14.35,18352.76,5567.19
2024-07-07,12.48,14.35,18352.76,5567.19
2024-07-08,12.48,14.35,18352.76,5567.19
2024-07-09,12.37,14.29,18403.74,5572.85
2024-07-10,12.51,14.39,18429.29,5576.98
2024-07-11,12.85,14.5,18647.45,5633.91
2024-07-12,12.92,14.67,18283.41,5584.54
2024-07-13,12.46,14.37,18398.45,5615.35
2024-07-14,12.46,14.37,18398.45,5615.35
2024-07-15,12.46,14.37,18398.45,5615.35
2024-07-16,13.12,14.87,18472.57,5631.22
2024-07-17,13.19,14.91,18509.34,5667.2
2024-07-18,14.48,15.79,17996.92,5588.27
2024-07-19,15.93,16.56,17871.22,5544.59
2024-07-20,16.52,17.16,17726.94,5505.0
2024-07-21,16.52,17.16,17726.94,5505.0
2024-07-22,16.52,17.16,17726.94,5505.0
2024-07-23,14.91,16.09,18007.57,5564.41
2024-07-24,14.72,16.01,17997.35,5555.74
2024-07-25,18.04,18.43,17342.41,5427.13
2024-07-26,18.46,18.69,17181.72,5399.22
2024-07-27,16.39,17.24,17357.88,5459.1
2024-07-28,16.39,17.24,17357.88,5459.1
2024-07-29,16.39,17.24,17357.88,5459.1
2024-07-30,16.6,17.16,17370.2,5463.54
2024-07-31,17.69,18.01,17147.42,5436.44
2024-08-01,16.36,16.97,17599.4,5522.3
2024-08-02,18.59,19.14,17194.15,5446.68
2024-08-03,23.39,23.34,16776.16,5346.56
2024-08-04,23.39,23.34,16776.16,5346.56
2024-08-05,23.39,23.34,16776.16,5346.56
2024-08-06,38.57,33.71,16200.08,5186.33
2024-08-07,27.71,26.76,16366.85,5240.03
2024-08-08,27.85,27.01,16195.81,5199.5
2024-08-09,23.79,24.13,16660.02,5319.31
2024-08-10,20.37,21.18,16745.3,5344.16
2024-08-11,20.37,21.18,16745.3,5344.16
2024-08-12,20.37,21.18,16745.3,5344.16
2024-08-13,20.71,21.63,16780.61,5344.39
2024-08-14,18.12,19.86,17187.61,5434.43
2024-08-15,16.19,18.45,17192.6,5455.21
2024-08-16,15.23,17.88,17594.5,5543.22
2024-08-17,14.8,17.81,17631.72,5554.25
2024-08-18,14.8,17.81,17631.72,5554.25
2024-08-19,14.8,17.81,17631.72,5554.25
2024-08-20,14.65,17.59,17876.77,5608.25
2024-08-21,15.88,18.28,17816.94,5597.12
2024-08-22,16.27,18.58,17918.99,5620.85
2024-08-23,17.55,19.36,17619.35,5570.64
2024-08-24,15.86,18.19,17877.79,5634.61
2024-08-25,15.86,18.19,17877.79,5634.61
2024-08-26,15.86,18.19,17877.79,5634.61
2024-08-27,16.15,18.25,17725.76,5616.84
2024-08-28,15.43,17.73,17754.82,5625.8
2024-08-29,17.11,18.9,17556.03,5592.18
2024-08-30,15.65,18.0,17516.43,5591.96
2024-08-31,15.0,17.43,17713.62,5648.4
